H37Rv_mutated_1	snpmutator	w_duplicated	nucmer	OUTCOME	TOTAL	snp	800	0	0	1.0	1.0	1.0
H37Rv_mutated_1	snpmutator	w_duplicated	nucmer	OUTCOME	TOTAL	mnp	0	0	0	NA	NA	NA
H37Rv_mutated_1	snpmutator	w_duplicated	nucmer	OUTCOME	TOTAL	indel	0	0	0	NA	NA	NA
H37Rv_mutated_1	snpmutator	w_duplicated	nucmer	OUTCOME	TOTAL	other	0	0	0	NA	NA	NA
H37Rv_mutated_1	snpmutator	w_duplicated	nucmer	OUTCOME	TOTAL	unknown	0	0	0	NA	NA	NA
H37Rv_mutated_1	snpmutator	w_duplicated	minimap2	OUTCOME	TOTAL	snp	800	0	0	1.0	1.0	1.0
H37Rv_mutated_1	snpmutator	w_duplicated	minimap2	OUTCOME	TOTAL	mnp	0	0	0	NA	NA	NA
H37Rv_mutated_1	snpmutator	w_duplicated	minimap2	OUTCOME	TOTAL	indel	0	0	0	NA	NA	NA
H37Rv_mutated_1	snpmutator	w_duplicated	minimap2	OUTCOME	TOTAL	other	0	0	0	NA	NA	NA
H37Rv_mutated_1	snpmutator	w_duplicated	minimap2	OUTCOME	TOTAL	unknown	0	0	0	NA	NA	NA
H37Rv_mutated_2	snpmutator	w_duplicated	nucmer	OUTCOME	TOTAL	snp	800	0	0	1.0	1.0	1.0
H37Rv_mutated_2	snpmutator	w_duplicated	nucmer	OUTCOME	TOTAL	mnp	0	0	0	NA	NA	NA
H37Rv_mutated_2	snpmutator	w_duplicated	nucmer	OUTCOME	TOTAL	indel	0	0	0	NA	NA	NA
H37Rv_mutated_2	snpmutator	w_duplicated	nucmer	OUTCOME	TOTAL	other	0	0	0	NA	NA	NA
H37Rv_mutated_2	snpmutator	w_duplicated	nucmer	OUTCOME	TOTAL	unknown	0	0	0	NA	NA	NA
H37Rv_mutated_2	snpmutator	w_duplicated	minimap2	OUTCOME	TOTAL	snp	800	0	0	1.0	1.0	1.0
H37Rv_mutated_2	snpmutator	w_duplicated	minimap2	OUTCOME	TOTAL	mnp	0	0	0	NA	NA	NA
H37Rv_mutated_2	snpmutator	w_duplicated	minimap2	OUTCOME	TOTAL	indel	0	0	0	NA	NA	NA
H37Rv_mutated_2	snpmutator	w_duplicated	minimap2	OUTCOME	TOTAL	other	0	0	0	NA	NA	NA
H37Rv_mutated_2	snpmutator	w_duplicated	minimap2	OUTCOME	TOTAL	unknown	0	0	0	NA	NA	NA
H37Rv_mutated_3	snpmutator	w_duplicated	nucmer	OUTCOME	TOTAL	snp	800	0	0	1.0	1.0	1.0
H37Rv_mutated_3	snpmutator	w_duplicated	nucmer	OUTCOME	TOTAL	mnp	0	0	0	NA	NA	NA
H37Rv_mutated_3	snpmutator	w_duplicated	nucmer	OUTCOME	TOTAL	indel	0	0	0	NA	NA	NA
H37Rv_mutated_3	snpmutator	w_duplicated	nucmer	OUTCOME	TOTAL	other	0	0	0	NA	NA	NA
H37Rv_mutated_3	snpmutator	w_duplicated	nucmer	OUTCOME	TOTAL	unknown	0	0	0	NA	NA	NA
H37Rv_mutated_3	snpmutator	w_duplicated	minimap2	OUTCOME	TOTAL	snp	800	0	0	1.0	1.0	1.0
H37Rv_mutated_3	snpmutator	w_duplicated	minimap2	OUTCOME	TOTAL	mnp	0	0	0	NA	NA	NA
H37Rv_mutated_3	snpmutator	w_duplicated	minimap2	OUTCOME	TOTAL	indel	0	0	0	NA	NA	NA
H37Rv_mutated_3	snpmutator	w_duplicated	minimap2	OUTCOME	TOTAL	other	0	0	0	NA	NA	NA
H37Rv_mutated_3	snpmutator	w_duplicated	minimap2	OUTCOME	TOTAL	unknown	0	0	0	NA	NA	NA
H37Rv_mutated_4	snpmutator	w_duplicated	nucmer	OUTCOME	TOTAL	snp	800	0	0	1.0	1.0	1.0
H37Rv_mutated_4	snpmutator	w_duplicated	nucmer	OUTCOME	TOTAL	mnp	0	0	0	NA	NA	NA
H37Rv_mutated_4	snpmutator	w_duplicated	nucmer	OUTCOME	TOTAL	indel	0	0	0	NA	NA	NA
H37Rv_mutated_4	snpmutator	w_duplicated	nucmer	OUTCOME	TOTAL	other	0	0	0	NA	NA	NA
H37Rv_mutated_4	snpmutator	w_duplicated	nucmer	OUTCOME	TOTAL	unknown	0	0	0	NA	NA	NA
H37Rv_mutated_4	snpmutator	w_duplicated	minimap2	OUTCOME	TOTAL	snp	800	0	0	1.0	1.0	1.0
H37Rv_mutated_4	snpmutator	w_duplicated	minimap2	OUTCOME	TOTAL	mnp	0	0	0	NA	NA	NA
H37Rv_mutated_4	snpmutator	w_duplicated	minimap2	OUTCOME	TOTAL	indel	0	0	0	NA	NA	NA
H37Rv_mutated_4	snpmutator	w_duplicated	minimap2	OUTCOME	TOTAL	other	0	0	0	NA	NA	NA
H37Rv_mutated_4	snpmutator	w_duplicated	minimap2	OUTCOME	TOTAL	unknown	0	0	0	NA	NA	NA
H37Rv_mutated_5	snpmutator	w_duplicated	nucmer	OUTCOME	TOTAL	snp	800	0	0	1.0	1.0	1.0
H37Rv_mutated_5	snpmutator	w_duplicated	nucmer	OUTCOME	TOTAL	mnp	0	0	0	NA	NA	NA
H37Rv_mutated_5	snpmutator	w_duplicated	nucmer	OUTCOME	TOTAL	indel	0	0	0	NA	NA	NA
H37Rv_mutated_5	snpmutator	w_duplicated	nucmer	OUTCOME	TOTAL	other	0	0	0	NA	NA	NA
H37Rv_mutated_5	snpmutator	w_duplicated	nucmer	OUTCOME	TOTAL	unknown	0	0	0	NA	NA	NA
H37Rv_mutated_5	snpmutator	w_duplicated	minimap2	OUTCOME	TOTAL	snp	800	0	0	1.0	1.0	1.0
H37Rv_mutated_5	snpmutator	w_duplicated	minimap2	OUTCOME	TOTAL	mnp	0	0	0	NA	NA	NA
H37Rv_mutated_5	snpmutator	w_duplicated	minimap2	OUTCOME	TOTAL	indel	0	0	0	NA	NA	NA
H37Rv_mutated_5	snpmutator	w_duplicated	minimap2	OUTCOME	TOTAL	other	0	0	0	NA	NA	NA
H37Rv_mutated_5	snpmutator	w_duplicated	minimap2	OUTCOME	TOTAL	unknown	0	0	0	NA	NA	NA
H37Rv_mutated_6	snpmutator	w_duplicated	nucmer	OUTCOME	TOTAL	snp	800	0	0	1.0	1.0	1.0
H37Rv_mutated_6	snpmutator	w_duplicated	nucmer	OUTCOME	TOTAL	mnp	0	0	0	NA	NA	NA
H37Rv_mutated_6	snpmutator	w_duplicated	nucmer	OUTCOME	TOTAL	indel	0	0	0	NA	NA	NA
H37Rv_mutated_6	snpmutator	w_duplicated	nucmer	OUTCOME	TOTAL	other	0	0	0	NA	NA	NA
H37Rv_mutated_6	snpmutator	w_duplicated	nucmer	OUTCOME	TOTAL	unknown	0	0	0	NA	NA	NA
H37Rv_mutated_6	snpmutator	w_duplicated	minimap2	OUTCOME	TOTAL	snp	800	0	0	1.0	1.0	1.0
H37Rv_mutated_6	snpmutator	w_duplicated	minimap2	OUTCOME	TOTAL	mnp	0	0	0	NA	NA	NA
H37Rv_mutated_6	snpmutator	w_duplicated	minimap2	OUTCOME	TOTAL	indel	0	0	0	NA	NA	NA
H37Rv_mutated_6	snpmutator	w_duplicated	minimap2	OUTCOME	TOTAL	other	0	0	0	NA	NA	NA
H37Rv_mutated_6	snpmutator	w_duplicated	minimap2	OUTCOME	TOTAL	unknown	0	0	0	NA	NA	NA
H37Rv_mutated_7	snpmutator	w_duplicated	nucmer	OUTCOME	TOTAL	snp	800	0	0	1.0	1.0	1.0
H37Rv_mutated_7	snpmutator	w_duplicated	nucmer	OUTCOME	TOTAL	mnp	0	0	0	NA	NA	NA
H37Rv_mutated_7	snpmutator	w_duplicated	nucmer	OUTCOME	TOTAL	indel	0	0	0	NA	NA	NA
H37Rv_mutated_7	snpmutator	w_duplicated	nucmer	OUTCOME	TOTAL	other	0	0	0	NA	NA	NA
H37Rv_mutated_7	snpmutator	w_duplicated	nucmer	OUTCOME	TOTAL	unknown	0	0	0	NA	NA	NA
H37Rv_mutated_7	snpmutator	w_duplicated	minimap2	OUTCOME	TOTAL	snp	800	0	0	1.0	1.0	1.0
H37Rv_mutated_7	snpmutator	w_duplicated	minimap2	OUTCOME	TOTAL	mnp	0	0	0	NA	NA	NA
H37Rv_mutated_7	snpmutator	w_duplicated	minimap2	OUTCOME	TOTAL	indel	0	0	0	NA	NA	NA
H37Rv_mutated_7	snpmutator	w_duplicated	minimap2	OUTCOME	TOTAL	other	0	0	0	NA	NA	NA
H37Rv_mutated_7	snpmutator	w_duplicated	minimap2	OUTCOME	TOTAL	unknown	0	0	0	NA	NA	NA
H37Rv_mutated_8	snpmutator	w_duplicated	nucmer	OUTCOME	TOTAL	snp	800	0	0	1.0	1.0	1.0
H37Rv_mutated_8	snpmutator	w_duplicated	nucmer	OUTCOME	TOTAL	mnp	0	0	0	NA	NA	NA
H37Rv_mutated_8	snpmutator	w_duplicated	nucmer	OUTCOME	TOTAL	indel	0	0	0	NA	NA	NA
H37Rv_mutated_8	snpmutator	w_duplicated	nucmer	OUTCOME	TOTAL	other	0	0	0	NA	NA	NA
H37Rv_mutated_8	snpmutator	w_duplicated	nucmer	OUTCOME	TOTAL	unknown	0	0	0	NA	NA	NA
H37Rv_mutated_8	snpmutator	w_duplicated	minimap2	OUTCOME	TOTAL	snp	800	0	0	1.0	1.0	1.0
H37Rv_mutated_8	snpmutator	w_duplicated	minimap2	OUTCOME	TOTAL	mnp	0	0	0	NA	NA	NA
H37Rv_mutated_8	snpmutator	w_duplicated	minimap2	OUTCOME	TOTAL	indel	0	0	0	NA	NA	NA
H37Rv_mutated_8	snpmutator	w_duplicated	minimap2	OUTCOME	TOTAL	other	0	0	0	NA	NA	NA
H37Rv_mutated_8	snpmutator	w_duplicated	minimap2	OUTCOME	TOTAL	unknown	0	0	0	NA	NA	NA
H37Rv_mutated_9	snpmutator	w_duplicated	nucmer	OUTCOME	TOTAL	snp	800	0	0	1.0	1.0	1.0
H37Rv_mutated_9	snpmutator	w_duplicated	nucmer	OUTCOME	TOTAL	mnp	0	0	0	NA	NA	NA
H37Rv_mutated_9	snpmutator	w_duplicated	nucmer	OUTCOME	TOTAL	indel	0	0	0	NA	NA	NA
H37Rv_mutated_9	snpmutator	w_duplicated	nucmer	OUTCOME	TOTAL	other	0	0	0	NA	NA	NA
H37Rv_mutated_9	snpmutator	w_duplicated	nucmer	OUTCOME	TOTAL	unknown	0	0	0	NA	NA	NA
H37Rv_mutated_9	snpmutator	w_duplicated	minimap2	OUTCOME	TOTAL	snp	800	0	0	1.0	1.0	1.0
H37Rv_mutated_9	snpmutator	w_duplicated	minimap2	OUTCOME	TOTAL	mnp	0	0	0	NA	NA	NA
H37Rv_mutated_9	snpmutator	w_duplicated	minimap2	OUTCOME	TOTAL	indel	0	0	0	NA	NA	NA
H37Rv_mutated_9	snpmutator	w_duplicated	minimap2	OUTCOME	TOTAL	other	0	0	0	NA	NA	NA
H37Rv_mutated_9	snpmutator	w_duplicated	minimap2	OUTCOME	TOTAL	unknown	0	0	0	NA	NA	NA
H37Rv_mutated_10	snpmutator	w_duplicated	nucmer	OUTCOME	TOTAL	snp	800	0	0	1.0	1.0	1.0
H37Rv_mutated_10	snpmutator	w_duplicated	nucmer	OUTCOME	TOTAL	mnp	0	0	0	NA	NA	NA
H37Rv_mutated_10	snpmutator	w_duplicated	nucmer	OUTCOME	TOTAL	indel	0	0	0	NA	NA	NA
H37Rv_mutated_10	snpmutator	w_duplicated	nucmer	OUTCOME	TOTAL	other	0	0	0	NA	NA	NA
H37Rv_mutated_10	snpmutator	w_duplicated	nucmer	OUTCOME	TOTAL	unknown	0	0	0	NA	NA	NA
H37Rv_mutated_10	snpmutator	w_duplicated	minimap2	OUTCOME	TOTAL	snp	800	0	0	1.0	1.0	1.0
H37Rv_mutated_10	snpmutator	w_duplicated	minimap2	OUTCOME	TOTAL	mnp	0	0	0	NA	NA	NA
H37Rv_mutated_10	snpmutator	w_duplicated	minimap2	OUTCOME	TOTAL	indel	0	0	0	NA	NA	NA
H37Rv_mutated_10	snpmutator	w_duplicated	minimap2	OUTCOME	TOTAL	other	0	0	0	NA	NA	NA
H37Rv_mutated_10	snpmutator	w_duplicated	minimap2	OUTCOME	TOTAL	unknown	0	0	0	NA	NA	NA
H37Rv_mutated_11	snpmutator	w_duplicated	nucmer	OUTCOME	TOTAL	snp	800	0	0	1.0	1.0	1.0
H37Rv_mutated_11	snpmutator	w_duplicated	nucmer	OUTCOME	TOTAL	mnp	0	0	0	NA	NA	NA
H37Rv_mutated_11	snpmutator	w_duplicated	nucmer	OUTCOME	TOTAL	indel	0	0	0	NA	NA	NA
H37Rv_mutated_11	snpmutator	w_duplicated	nucmer	OUTCOME	TOTAL	other	0	0	0	NA	NA	NA
H37Rv_mutated_11	snpmutator	w_duplicated	nucmer	OUTCOME	TOTAL	unknown	0	0	0	NA	NA	NA
H37Rv_mutated_11	snpmutator	w_duplicated	minimap2	OUTCOME	TOTAL	snp	800	0	0	1.0	1.0	1.0
H37Rv_mutated_11	snpmutator	w_duplicated	minimap2	OUTCOME	TOTAL	mnp	0	0	0	NA	NA	NA
H37Rv_mutated_11	snpmutator	w_duplicated	minimap2	OUTCOME	TOTAL	indel	0	0	0	NA	NA	NA
H37Rv_mutated_11	snpmutator	w_duplicated	minimap2	OUTCOME	TOTAL	other	0	0	0	NA	NA	NA
H37Rv_mutated_11	snpmutator	w_duplicated	minimap2	OUTCOME	TOTAL	unknown	0	0	0	NA	NA	NA
H37Rv_mutated_12	snpmutator	w_duplicated	nucmer	OUTCOME	TOTAL	snp	800	0	0	1.0	1.0	1.0
H37Rv_mutated_12	snpmutator	w_duplicated	nucmer	OUTCOME	TOTAL	mnp	0	0	0	NA	NA	NA
H37Rv_mutated_12	snpmutator	w_duplicated	nucmer	OUTCOME	TOTAL	indel	0	0	0	NA	NA	NA
H37Rv_mutated_12	snpmutator	w_duplicated	nucmer	OUTCOME	TOTAL	other	0	0	0	NA	NA	NA
H37Rv_mutated_12	snpmutator	w_duplicated	nucmer	OUTCOME	TOTAL	unknown	0	0	0	NA	NA	NA
H37Rv_mutated_12	snpmutator	w_duplicated	minimap2	OUTCOME	TOTAL	snp	800	0	0	1.0	1.0	1.0
H37Rv_mutated_12	snpmutator	w_duplicated	minimap2	OUTCOME	TOTAL	mnp	0	0	0	NA	NA	NA
H37Rv_mutated_12	snpmutator	w_duplicated	minimap2	OUTCOME	TOTAL	indel	0	0	0	NA	NA	NA
H37Rv_mutated_12	snpmutator	w_duplicated	minimap2	OUTCOME	TOTAL	other	0	0	0	NA	NA	NA
H37Rv_mutated_12	snpmutator	w_duplicated	minimap2	OUTCOME	TOTAL	unknown	0	0	0	NA	NA	NA
H37Rv_mutated_13	snpmutator	w_duplicated	nucmer	OUTCOME	TOTAL	snp	800	0	0	1.0	1.0	1.0
H37Rv_mutated_13	snpmutator	w_duplicated	nucmer	OUTCOME	TOTAL	mnp	0	0	0	NA	NA	NA
H37Rv_mutated_13	snpmutator	w_duplicated	nucmer	OUTCOME	TOTAL	indel	0	0	0	NA	NA	NA
H37Rv_mutated_13	snpmutator	w_duplicated	nucmer	OUTCOME	TOTAL	other	0	0	0	NA	NA	NA
H37Rv_mutated_13	snpmutator	w_duplicated	nucmer	OUTCOME	TOTAL	unknown	0	0	0	NA	NA	NA
H37Rv_mutated_13	snpmutator	w_duplicated	minimap2	OUTCOME	TOTAL	snp	800	0	0	1.0	1.0	1.0
H37Rv_mutated_13	snpmutator	w_duplicated	minimap2	OUTCOME	TOTAL	mnp	0	0	0	NA	NA	NA
H37Rv_mutated_13	snpmutator	w_duplicated	minimap2	OUTCOME	TOTAL	indel	0	0	0	NA	NA	NA
H37Rv_mutated_13	snpmutator	w_duplicated	minimap2	OUTCOME	TOTAL	other	0	0	0	NA	NA	NA
H37Rv_mutated_13	snpmutator	w_duplicated	minimap2	OUTCOME	TOTAL	unknown	0	0	0	NA	NA	NA
H37Rv_mutated_14	snpmutator	w_duplicated	nucmer	OUTCOME	TOTAL	snp	800	0	0	1.0	1.0	1.0
H37Rv_mutated_14	snpmutator	w_duplicated	nucmer	OUTCOME	TOTAL	mnp	0	0	0	NA	NA	NA
H37Rv_mutated_14	snpmutator	w_duplicated	nucmer	OUTCOME	TOTAL	indel	0	0	0	NA	NA	NA
H37Rv_mutated_14	snpmutator	w_duplicated	nucmer	OUTCOME	TOTAL	other	0	0	0	NA	NA	NA
H37Rv_mutated_14	snpmutator	w_duplicated	nucmer	OUTCOME	TOTAL	unknown	0	0	0	NA	NA	NA
H37Rv_mutated_14	snpmutator	w_duplicated	minimap2	OUTCOME	TOTAL	snp	800	0	0	1.0	1.0	1.0
H37Rv_mutated_14	snpmutator	w_duplicated	minimap2	OUTCOME	TOTAL	mnp	0	0	0	NA	NA	NA
H37Rv_mutated_14	snpmutator	w_duplicated	minimap2	OUTCOME	TOTAL	indel	0	0	0	NA	NA	NA
H37Rv_mutated_14	snpmutator	w_duplicated	minimap2	OUTCOME	TOTAL	other	0	0	0	NA	NA	NA
H37Rv_mutated_14	snpmutator	w_duplicated	minimap2	OUTCOME	TOTAL	unknown	0	0	0	NA	NA	NA
H37Rv_mutated_15	snpmutator	w_duplicated	nucmer	OUTCOME	TOTAL	snp	800	0	0	1.0	1.0	1.0
H37Rv_mutated_15	snpmutator	w_duplicated	nucmer	OUTCOME	TOTAL	mnp	0	0	0	NA	NA	NA
H37Rv_mutated_15	snpmutator	w_duplicated	nucmer	OUTCOME	TOTAL	indel	0	0	0	NA	NA	NA
H37Rv_mutated_15	snpmutator	w_duplicated	nucmer	OUTCOME	TOTAL	other	0	0	0	NA	NA	NA
H37Rv_mutated_15	snpmutator	w_duplicated	nucmer	OUTCOME	TOTAL	unknown	0	0	0	NA	NA	NA
H37Rv_mutated_15	snpmutator	w_duplicated	minimap2	OUTCOME	TOTAL	snp	800	0	0	1.0	1.0	1.0
H37Rv_mutated_15	snpmutator	w_duplicated	minimap2	OUTCOME	TOTAL	mnp	0	0	0	NA	NA	NA
H37Rv_mutated_15	snpmutator	w_duplicated	minimap2	OUTCOME	TOTAL	indel	0	0	0	NA	NA	NA
H37Rv_mutated_15	snpmutator	w_duplicated	minimap2	OUTCOME	TOTAL	other	0	0	0	NA	NA	NA
H37Rv_mutated_15	snpmutator	w_duplicated	minimap2	OUTCOME	TOTAL	unknown	0	0	0	NA	NA	NA
H37Rv_mutated_16	snpmutator	w_duplicated	nucmer	OUTCOME	TOTAL	snp	800	0	0	1.0	1.0	1.0
H37Rv_mutated_16	snpmutator	w_duplicated	nucmer	OUTCOME	TOTAL	mnp	0	0	0	NA	NA	NA
H37Rv_mutated_16	snpmutator	w_duplicated	nucmer	OUTCOME	TOTAL	indel	0	0	0	NA	NA	NA
H37Rv_mutated_16	snpmutator	w_duplicated	nucmer	OUTCOME	TOTAL	other	0	0	0	NA	NA	NA
H37Rv_mutated_16	snpmutator	w_duplicated	nucmer	OUTCOME	TOTAL	unknown	0	0	0	NA	NA	NA
H37Rv_mutated_16	snpmutator	w_duplicated	minimap2	OUTCOME	TOTAL	snp	800	0	0	1.0	1.0	1.0
H37Rv_mutated_16	snpmutator	w_duplicated	minimap2	OUTCOME	TOTAL	mnp	0	0	0	NA	NA	NA
H37Rv_mutated_16	snpmutator	w_duplicated	minimap2	OUTCOME	TOTAL	indel	0	0	0	NA	NA	NA
H37Rv_mutated_16	snpmutator	w_duplicated	minimap2	OUTCOME	TOTAL	other	0	0	0	NA	NA	NA
H37Rv_mutated_16	snpmutator	w_duplicated	minimap2	OUTCOME	TOTAL	unknown	0	0	0	NA	NA	NA
H37Rv_mutated_17	snpmutator	w_duplicated	nucmer	OUTCOME	TOTAL	snp	800	0	0	1.0	1.0	1.0
H37Rv_mutated_17	snpmutator	w_duplicated	nucmer	OUTCOME	TOTAL	mnp	0	0	0	NA	NA	NA
H37Rv_mutated_17	snpmutator	w_duplicated	nucmer	OUTCOME	TOTAL	indel	0	0	0	NA	NA	NA
H37Rv_mutated_17	snpmutator	w_duplicated	nucmer	OUTCOME	TOTAL	other	0	0	0	NA	NA	NA
H37Rv_mutated_17	snpmutator	w_duplicated	nucmer	OUTCOME	TOTAL	unknown	0	0	0	NA	NA	NA
H37Rv_mutated_17	snpmutator	w_duplicated	minimap2	OUTCOME	TOTAL	snp	800	0	0	1.0	1.0	1.0
H37Rv_mutated_17	snpmutator	w_duplicated	minimap2	OUTCOME	TOTAL	mnp	0	0	0	NA	NA	NA
H37Rv_mutated_17	snpmutator	w_duplicated	minimap2	OUTCOME	TOTAL	indel	0	0	0	NA	NA	NA
H37Rv_mutated_17	snpmutator	w_duplicated	minimap2	OUTCOME	TOTAL	other	0	0	0	NA	NA	NA
H37Rv_mutated_17	snpmutator	w_duplicated	minimap2	OUTCOME	TOTAL	unknown	0	0	0	NA	NA	NA
H37Rv_mutated_18	snpmutator	w_duplicated	nucmer	OUTCOME	TOTAL	snp	800	0	0	1.0	1.0	1.0
H37Rv_mutated_18	snpmutator	w_duplicated	nucmer	OUTCOME	TOTAL	mnp	0	0	0	NA	NA	NA
H37Rv_mutated_18	snpmutator	w_duplicated	nucmer	OUTCOME	TOTAL	indel	0	0	0	NA	NA	NA
H37Rv_mutated_18	snpmutator	w_duplicated	nucmer	OUTCOME	TOTAL	other	0	0	0	NA	NA	NA
H37Rv_mutated_18	snpmutator	w_duplicated	nucmer	OUTCOME	TOTAL	unknown	0	0	0	NA	NA	NA
H37Rv_mutated_18	snpmutator	w_duplicated	minimap2	OUTCOME	TOTAL	snp	800	0	0	1.0	1.0	1.0
H37Rv_mutated_18	snpmutator	w_duplicated	minimap2	OUTCOME	TOTAL	mnp	0	0	0	NA	NA	NA
H37Rv_mutated_18	snpmutator	w_duplicated	minimap2	OUTCOME	TOTAL	indel	0	0	0	NA	NA	NA
H37Rv_mutated_18	snpmutator	w_duplicated	minimap2	OUTCOME	TOTAL	other	0	0	0	NA	NA	NA
H37Rv_mutated_18	snpmutator	w_duplicated	minimap2	OUTCOME	TOTAL	unknown	0	0	0	NA	NA	NA
H37Rv_mutated_19	snpmutator	w_duplicated	nucmer	OUTCOME	TOTAL	snp	800	0	0	1.0	1.0	1.0
H37Rv_mutated_19	snpmutator	w_duplicated	nucmer	OUTCOME	TOTAL	mnp	0	0	0	NA	NA	NA
H37Rv_mutated_19	snpmutator	w_duplicated	nucmer	OUTCOME	TOTAL	indel	0	0	0	NA	NA	NA
H37Rv_mutated_19	snpmutator	w_duplicated	nucmer	OUTCOME	TOTAL	other	0	0	0	NA	NA	NA
H37Rv_mutated_19	snpmutator	w_duplicated	nucmer	OUTCOME	TOTAL	unknown	0	0	0	NA	NA	NA
H37Rv_mutated_19	snpmutator	w_duplicated	minimap2	OUTCOME	TOTAL	snp	800	0	0	1.0	1.0	1.0
H37Rv_mutated_19	snpmutator	w_duplicated	minimap2	OUTCOME	TOTAL	mnp	0	0	0	NA	NA	NA
H37Rv_mutated_19	snpmutator	w_duplicated	minimap2	OUTCOME	TOTAL	indel	0	0	0	NA	NA	NA
H37Rv_mutated_19	snpmutator	w_duplicated	minimap2	OUTCOME	TOTAL	other	0	0	0	NA	NA	NA
H37Rv_mutated_19	snpmutator	w_duplicated	minimap2	OUTCOME	TOTAL	unknown	0	0	0	NA	NA	NA
H37Rv_mutated_20	snpmutator	w_duplicated	nucmer	OUTCOME	TOTAL	snp	800	0	0	1.0	1.0	1.0
H37Rv_mutated_20	snpmutator	w_duplicated	nucmer	OUTCOME	TOTAL	mnp	0	0	0	NA	NA	NA
H37Rv_mutated_20	snpmutator	w_duplicated	nucmer	OUTCOME	TOTAL	indel	0	0	0	NA	NA	NA
H37Rv_mutated_20	snpmutator	w_duplicated	nucmer	OUTCOME	TOTAL	other	0	0	0	NA	NA	NA
H37Rv_mutated_20	snpmutator	w_duplicated	nucmer	OUTCOME	TOTAL	unknown	0	0	0	NA	NA	NA
H37Rv_mutated_20	snpmutator	w_duplicated	minimap2	OUTCOME	TOTAL	snp	800	0	0	1.0	1.0	1.0
H37Rv_mutated_20	snpmutator	w_duplicated	minimap2	OUTCOME	TOTAL	mnp	0	0	0	NA	NA	NA
H37Rv_mutated_20	snpmutator	w_duplicated	minimap2	OUTCOME	TOTAL	indel	0	0	0	NA	NA	NA
H37Rv_mutated_20	snpmutator	w_duplicated	minimap2	OUTCOME	TOTAL	other	0	0	0	NA	NA	NA
H37Rv_mutated_20	snpmutator	w_duplicated	minimap2	OUTCOME	TOTAL	unknown	0	0	0	NA	NA	NA
H37Rv_mutated_21	snpmutator	w_duplicated	nucmer	OUTCOME	TOTAL	snp	800	0	0	1.0	1.0	1.0
H37Rv_mutated_21	snpmutator	w_duplicated	nucmer	OUTCOME	TOTAL	mnp	0	0	0	NA	NA	NA
H37Rv_mutated_21	snpmutator	w_duplicated	nucmer	OUTCOME	TOTAL	indel	0	0	0	NA	NA	NA
H37Rv_mutated_21	snpmutator	w_duplicated	nucmer	OUTCOME	TOTAL	other	0	0	0	NA	NA	NA
H37Rv_mutated_21	snpmutator	w_duplicated	nucmer	OUTCOME	TOTAL	unknown	0	0	0	NA	NA	NA
H37Rv_mutated_21	snpmutator	w_duplicated	minimap2	OUTCOME	TOTAL	snp	800	0	0	1.0	1.0	1.0
H37Rv_mutated_21	snpmutator	w_duplicated	minimap2	OUTCOME	TOTAL	mnp	0	0	0	NA	NA	NA
H37Rv_mutated_21	snpmutator	w_duplicated	minimap2	OUTCOME	TOTAL	indel	0	0	0	NA	NA	NA
H37Rv_mutated_21	snpmutator	w_duplicated	minimap2	OUTCOME	TOTAL	other	0	0	0	NA	NA	NA
H37Rv_mutated_21	snpmutator	w_duplicated	minimap2	OUTCOME	TOTAL	unknown	0	0	0	NA	NA	NA
H37Rv_mutated_22	snpmutator	w_duplicated	nucmer	OUTCOME	TOTAL	snp	800	0	0	1.0	1.0	1.0
H37Rv_mutated_22	snpmutator	w_duplicated	nucmer	OUTCOME	TOTAL	mnp	0	0	0	NA	NA	NA
H37Rv_mutated_22	snpmutator	w_duplicated	nucmer	OUTCOME	TOTAL	indel	0	0	0	NA	NA	NA
H37Rv_mutated_22	snpmutator	w_duplicated	nucmer	OUTCOME	TOTAL	other	0	0	0	NA	NA	NA
H37Rv_mutated_22	snpmutator	w_duplicated	nucmer	OUTCOME	TOTAL	unknown	0	0	0	NA	NA	NA
H37Rv_mutated_22	snpmutator	w_duplicated	minimap2	OUTCOME	TOTAL	snp	800	0	0	1.0	1.0	1.0
H37Rv_mutated_22	snpmutator	w_duplicated	minimap2	OUTCOME	TOTAL	mnp	0	0	0	NA	NA	NA
H37Rv_mutated_22	snpmutator	w_duplicated	minimap2	OUTCOME	TOTAL	indel	0	0	0	NA	NA	NA
H37Rv_mutated_22	snpmutator	w_duplicated	minimap2	OUTCOME	TOTAL	other	0	0	0	NA	NA	NA
H37Rv_mutated_22	snpmutator	w_duplicated	minimap2	OUTCOME	TOTAL	unknown	0	0	0	NA	NA	NA
H37Rv_mutated_23	snpmutator	w_duplicated	nucmer	OUTCOME	TOTAL	snp	800	0	0	1.0	1.0	1.0
H37Rv_mutated_23	snpmutator	w_duplicated	nucmer	OUTCOME	TOTAL	mnp	0	0	0	NA	NA	NA
H37Rv_mutated_23	snpmutator	w_duplicated	nucmer	OUTCOME	TOTAL	indel	0	0	0	NA	NA	NA
H37Rv_mutated_23	snpmutator	w_duplicated	nucmer	OUTCOME	TOTAL	other	0	0	0	NA	NA	NA
H37Rv_mutated_23	snpmutator	w_duplicated	nucmer	OUTCOME	TOTAL	unknown	0	0	0	NA	NA	NA
H37Rv_mutated_23	snpmutator	w_duplicated	minimap2	OUTCOME	TOTAL	snp	800	0	0	1.0	1.0	1.0
H37Rv_mutated_23	snpmutator	w_duplicated	minimap2	OUTCOME	TOTAL	mnp	0	0	0	NA	NA	NA
H37Rv_mutated_23	snpmutator	w_duplicated	minimap2	OUTCOME	TOTAL	indel	0	0	0	NA	NA	NA
H37Rv_mutated_23	snpmutator	w_duplicated	minimap2	OUTCOME	TOTAL	other	0	0	0	NA	NA	NA
H37Rv_mutated_23	snpmutator	w_duplicated	minimap2	OUTCOME	TOTAL	unknown	0	0	0	NA	NA	NA
H37Rv_mutated_24	snpmutator	w_duplicated	nucmer	OUTCOME	TOTAL	snp	800	0	0	1.0	1.0	1.0
H37Rv_mutated_24	snpmutator	w_duplicated	nucmer	OUTCOME	TOTAL	mnp	0	0	0	NA	NA	NA
H37Rv_mutated_24	snpmutator	w_duplicated	nucmer	OUTCOME	TOTAL	indel	0	0	0	NA	NA	NA
H37Rv_mutated_24	snpmutator	w_duplicated	nucmer	OUTCOME	TOTAL	other	0	0	0	NA	NA	NA
H37Rv_mutated_24	snpmutator	w_duplicated	nucmer	OUTCOME	TOTAL	unknown	0	0	0	NA	NA	NA
H37Rv_mutated_24	snpmutator	w_duplicated	minimap2	OUTCOME	TOTAL	snp	800	0	0	1.0	1.0	1.0
H37Rv_mutated_24	snpmutator	w_duplicated	minimap2	OUTCOME	TOTAL	mnp	0	0	0	NA	NA	NA
H37Rv_mutated_24	snpmutator	w_duplicated	minimap2	OUTCOME	TOTAL	indel	0	0	0	NA	NA	NA
H37Rv_mutated_24	snpmutator	w_duplicated	minimap2	OUTCOME	TOTAL	other	0	0	0	NA	NA	NA
H37Rv_mutated_24	snpmutator	w_duplicated	minimap2	OUTCOME	TOTAL	unknown	0	0	0	NA	NA	NA
H37Rv_mutated_25	snpmutator	w_duplicated	nucmer	OUTCOME	TOTAL	snp	800	0	0	1.0	1.0	1.0
H37Rv_mutated_25	snpmutator	w_duplicated	nucmer	OUTCOME	TOTAL	mnp	0	0	0	NA	NA	NA
H37Rv_mutated_25	snpmutator	w_duplicated	nucmer	OUTCOME	TOTAL	indel	0	0	0	NA	NA	NA
H37Rv_mutated_25	snpmutator	w_duplicated	nucmer	OUTCOME	TOTAL	other	0	0	0	NA	NA	NA
H37Rv_mutated_25	snpmutator	w_duplicated	nucmer	OUTCOME	TOTAL	unknown	0	0	0	NA	NA	NA
H37Rv_mutated_25	snpmutator	w_duplicated	minimap2	OUTCOME	TOTAL	snp	800	0	0	1.0	1.0	1.0
H37Rv_mutated_25	snpmutator	w_duplicated	minimap2	OUTCOME	TOTAL	mnp	0	0	0	NA	NA	NA
H37Rv_mutated_25	snpmutator	w_duplicated	minimap2	OUTCOME	TOTAL	indel	0	0	0	NA	NA	NA
H37Rv_mutated_25	snpmutator	w_duplicated	minimap2	OUTCOME	TOTAL	other	0	0	0	NA	NA	NA
H37Rv_mutated_25	snpmutator	w_duplicated	minimap2	OUTCOME	TOTAL	unknown	0	0	0	NA	NA	NA
H37Rv_mutated_26	snpmutator	w_duplicated	nucmer	OUTCOME	TOTAL	snp	800	0	0	1.0	1.0	1.0
H37Rv_mutated_26	snpmutator	w_duplicated	nucmer	OUTCOME	TOTAL	mnp	0	0	0	NA	NA	NA
H37Rv_mutated_26	snpmutator	w_duplicated	nucmer	OUTCOME	TOTAL	indel	0	0	0	NA	NA	NA
H37Rv_mutated_26	snpmutator	w_duplicated	nucmer	OUTCOME	TOTAL	other	0	0	0	NA	NA	NA
H37Rv_mutated_26	snpmutator	w_duplicated	nucmer	OUTCOME	TOTAL	unknown	0	0	0	NA	NA	NA
H37Rv_mutated_26	snpmutator	w_duplicated	minimap2	OUTCOME	TOTAL	snp	800	0	0	1.0	1.0	1.0
H37Rv_mutated_26	snpmutator	w_duplicated	minimap2	OUTCOME	TOTAL	mnp	0	0	0	NA	NA	NA
H37Rv_mutated_26	snpmutator	w_duplicated	minimap2	OUTCOME	TOTAL	indel	0	0	0	NA	NA	NA
H37Rv_mutated_26	snpmutator	w_duplicated	minimap2	OUTCOME	TOTAL	other	0	0	0	NA	NA	NA
H37Rv_mutated_26	snpmutator	w_duplicated	minimap2	OUTCOME	TOTAL	unknown	0	0	0	NA	NA	NA
H37Rv_mutated_27	snpmutator	w_duplicated	nucmer	OUTCOME	TOTAL	snp	800	0	0	1.0	1.0	1.0
H37Rv_mutated_27	snpmutator	w_duplicated	nucmer	OUTCOME	TOTAL	mnp	0	0	0	NA	NA	NA
H37Rv_mutated_27	snpmutator	w_duplicated	nucmer	OUTCOME	TOTAL	indel	0	0	0	NA	NA	NA
H37Rv_mutated_27	snpmutator	w_duplicated	nucmer	OUTCOME	TOTAL	other	0	0	0	NA	NA	NA
H37Rv_mutated_27	snpmutator	w_duplicated	nucmer	OUTCOME	TOTAL	unknown	0	0	0	NA	NA	NA
H37Rv_mutated_27	snpmutator	w_duplicated	minimap2	OUTCOME	TOTAL	snp	800	0	0	1.0	1.0	1.0
H37Rv_mutated_27	snpmutator	w_duplicated	minimap2	OUTCOME	TOTAL	mnp	0	0	0	NA	NA	NA
H37Rv_mutated_27	snpmutator	w_duplicated	minimap2	OUTCOME	TOTAL	indel	0	0	0	NA	NA	NA
H37Rv_mutated_27	snpmutator	w_duplicated	minimap2	OUTCOME	TOTAL	other	0	0	0	NA	NA	NA
H37Rv_mutated_27	snpmutator	w_duplicated	minimap2	OUTCOME	TOTAL	unknown	0	0	0	NA	NA	NA
H37Rv_mutated_28	snpmutator	w_duplicated	nucmer	OUTCOME	TOTAL	snp	800	0	0	1.0	1.0	1.0
H37Rv_mutated_28	snpmutator	w_duplicated	nucmer	OUTCOME	TOTAL	mnp	0	0	0	NA	NA	NA
H37Rv_mutated_28	snpmutator	w_duplicated	nucmer	OUTCOME	TOTAL	indel	0	0	0	NA	NA	NA
H37Rv_mutated_28	snpmutator	w_duplicated	nucmer	OUTCOME	TOTAL	other	0	0	0	NA	NA	NA
H37Rv_mutated_28	snpmutator	w_duplicated	nucmer	OUTCOME	TOTAL	unknown	0	0	0	NA	NA	NA
H37Rv_mutated_28	snpmutator	w_duplicated	minimap2	OUTCOME	TOTAL	snp	800	0	0	1.0	1.0	1.0
H37Rv_mutated_28	snpmutator	w_duplicated	minimap2	OUTCOME	TOTAL	mnp	0	0	0	NA	NA	NA
H37Rv_mutated_28	snpmutator	w_duplicated	minimap2	OUTCOME	TOTAL	indel	0	0	0	NA	NA	NA
H37Rv_mutated_28	snpmutator	w_duplicated	minimap2	OUTCOME	TOTAL	other	0	0	0	NA	NA	NA
H37Rv_mutated_28	snpmutator	w_duplicated	minimap2	OUTCOME	TOTAL	unknown	0	0	0	NA	NA	NA
H37Rv_mutated_29	snpmutator	w_duplicated	nucmer	OUTCOME	TOTAL	snp	800	0	0	1.0	1.0	1.0
H37Rv_mutated_29	snpmutator	w_duplicated	nucmer	OUTCOME	TOTAL	mnp	0	0	0	NA	NA	NA
H37Rv_mutated_29	snpmutator	w_duplicated	nucmer	OUTCOME	TOTAL	indel	0	0	0	NA	NA	NA
H37Rv_mutated_29	snpmutator	w_duplicated	nucmer	OUTCOME	TOTAL	other	0	0	0	NA	NA	NA
H37Rv_mutated_29	snpmutator	w_duplicated	nucmer	OUTCOME	TOTAL	unknown	0	0	0	NA	NA	NA
H37Rv_mutated_29	snpmutator	w_duplicated	minimap2	OUTCOME	TOTAL	snp	800	0	0	1.0	1.0	1.0
H37Rv_mutated_29	snpmutator	w_duplicated	minimap2	OUTCOME	TOTAL	mnp	0	0	0	NA	NA	NA
H37Rv_mutated_29	snpmutator	w_duplicated	minimap2	OUTCOME	TOTAL	indel	0	0	0	NA	NA	NA
H37Rv_mutated_29	snpmutator	w_duplicated	minimap2	OUTCOME	TOTAL	other	0	0	0	NA	NA	NA
H37Rv_mutated_29	snpmutator	w_duplicated	minimap2	OUTCOME	TOTAL	unknown	0	0	0	NA	NA	NA
H37Rv_mutated_30	snpmutator	w_duplicated	nucmer	OUTCOME	TOTAL	snp	800	0	0	1.0	1.0	1.0
H37Rv_mutated_30	snpmutator	w_duplicated	nucmer	OUTCOME	TOTAL	mnp	0	0	0	NA	NA	NA
H37Rv_mutated_30	snpmutator	w_duplicated	nucmer	OUTCOME	TOTAL	indel	0	0	0	NA	NA	NA
H37Rv_mutated_30	snpmutator	w_duplicated	nucmer	OUTCOME	TOTAL	other	0	0	0	NA	NA	NA
H37Rv_mutated_30	snpmutator	w_duplicated	nucmer	OUTCOME	TOTAL	unknown	0	0	0	NA	NA	NA
H37Rv_mutated_30	snpmutator	w_duplicated	minimap2	OUTCOME	TOTAL	snp	800	0	0	1.0	1.0	1.0
H37Rv_mutated_30	snpmutator	w_duplicated	minimap2	OUTCOME	TOTAL	mnp	0	0	0	NA	NA	NA
H37Rv_mutated_30	snpmutator	w_duplicated	minimap2	OUTCOME	TOTAL	indel	0	0	0	NA	NA	NA
H37Rv_mutated_30	snpmutator	w_duplicated	minimap2	OUTCOME	TOTAL	other	0	0	0	NA	NA	NA
H37Rv_mutated_30	snpmutator	w_duplicated	minimap2	OUTCOME	TOTAL	unknown	0	0	0	NA	NA	NA
SV1_pop1_H1	maketube	wo_duplicated	nucmer	OUTCOME	TOTAL	snp	419	13	5	0.9882075471698113	0.9699074074074074	0.9790574772886094
SV1_pop1_H1	maketube	wo_duplicated	nucmer	OUTCOME	TOTAL	mnp	0	0	0	NA	NA	NA
SV1_pop1_H1	maketube	wo_duplicated	nucmer	OUTCOME	TOTAL	indel	0	0	0	NA	NA	NA
SV1_pop1_H1	maketube	wo_duplicated	nucmer	OUTCOME	TOTAL	other	0	0	0	NA	NA	NA
SV1_pop1_H1	maketube	wo_duplicated	nucmer	OUTCOME	TOTAL	unknown	0	0	0	NA	NA	NA
SV1_pop1_H1	maketube	wo_duplicated	minimap2	OUTCOME	TOTAL	snp	408	0	16	0.9622641509433962	1.0	0.9811320754716981
SV1_pop1_H1	maketube	wo_duplicated	minimap2	OUTCOME	TOTAL	mnp	0	0	0	NA	NA	NA
SV1_pop1_H1	maketube	wo_duplicated	minimap2	OUTCOME	TOTAL	indel	0	0	0	NA	NA	NA
SV1_pop1_H1	maketube	wo_duplicated	minimap2	OUTCOME	TOTAL	other	0	0	0	NA	NA	NA
SV1_pop1_H1	maketube	wo_duplicated	minimap2	OUTCOME	TOTAL	unknown	0	0	0	NA	NA	NA
SV1_pop1_H1	maketube	w_duplicated	nucmer	OUTCOME	TOTAL	snp	420	13	18	0.958904109589041	0.9699769053117783	0.9644405074504097
SV1_pop1_H1	maketube	w_duplicated	nucmer	OUTCOME	TOTAL	mnp	0	0	0	NA	NA	NA
SV1_pop1_H1	maketube	w_duplicated	nucmer	OUTCOME	TOTAL	indel	0	0	0	NA	NA	NA
SV1_pop1_H1	maketube	w_duplicated	nucmer	OUTCOME	TOTAL	other	0	0	0	NA	NA	NA
SV1_pop1_H1	maketube	w_duplicated	nucmer	OUTCOME	TOTAL	unknown	0	0	0	NA	NA	NA
SV1_pop1_H1	maketube	w_duplicated	minimap2	OUTCOME	TOTAL	snp	409	0	29	0.9337899543378996	1.0	0.9668949771689498
SV1_pop1_H1	maketube	w_duplicated	minimap2	OUTCOME	TOTAL	mnp	0	0	0	NA	NA	NA
SV1_pop1_H1	maketube	w_duplicated	minimap2	OUTCOME	TOTAL	indel	0	0	0	NA	NA	NA
SV1_pop1_H1	maketube	w_duplicated	minimap2	OUTCOME	TOTAL	other	0	0	0	NA	NA	NA
SV1_pop1_H1	maketube	w_duplicated	minimap2	OUTCOME	TOTAL	unknown	0	0	0	NA	NA	NA
SV1_pop1_H10	maketube	wo_duplicated	nucmer	OUTCOME	TOTAL	snp	382	16	4	0.9896373056994818	0.9597989949748744	0.9747181503371781
SV1_pop1_H10	maketube	wo_duplicated	nucmer	OUTCOME	TOTAL	mnp	0	0	0	NA	NA	NA
SV1_pop1_H10	maketube	wo_duplicated	nucmer	OUTCOME	TOTAL	indel	0	0	0	NA	NA	NA
SV1_pop1_H10	maketube	wo_duplicated	nucmer	OUTCOME	TOTAL	other	0	0	0	NA	NA	NA
SV1_pop1_H10	maketube	wo_duplicated	nucmer	OUTCOME	TOTAL	unknown	0	0	0	NA	NA	NA
SV1_pop1_H10	maketube	wo_duplicated	minimap2	OUTCOME	TOTAL	snp	373	0	13	0.966321243523316	1.0	0.983160621761658
SV1_pop1_H10	maketube	wo_duplicated	minimap2	OUTCOME	TOTAL	mnp	0	0	0	NA	NA	NA
SV1_pop1_H10	maketube	wo_duplicated	minimap2	OUTCOME	TOTAL	indel	0	0	0	NA	NA	NA
SV1_pop1_H10	maketube	wo_duplicated	minimap2	OUTCOME	TOTAL	other	0	0	0	NA	NA	NA
SV1_pop1_H10	maketube	wo_duplicated	minimap2	OUTCOME	TOTAL	unknown	0	0	0	NA	NA	NA
SV1_pop1_H10	maketube	w_duplicated	nucmer	OUTCOME	TOTAL	snp	384	16	20	0.9504950495049505	0.96	0.9552475247524752
SV1_pop1_H10	maketube	w_duplicated	nucmer	OUTCOME	TOTAL	mnp	0	0	0	NA	NA	NA
SV1_pop1_H10	maketube	w_duplicated	nucmer	OUTCOME	TOTAL	indel	0	0	0	NA	NA	NA
SV1_pop1_H10	maketube	w_duplicated	nucmer	OUTCOME	TOTAL	other	0	0	0	NA	NA	NA
SV1_pop1_H10	maketube	w_duplicated	nucmer	OUTCOME	TOTAL	unknown	0	0	0	NA	NA	NA
SV1_pop1_H10	maketube	w_duplicated	minimap2	OUTCOME	TOTAL	snp	375	0	29	0.9282178217821783	1.0	0.9641089108910892
SV1_pop1_H10	maketube	w_duplicated	minimap2	OUTCOME	TOTAL	mnp	0	0	0	NA	NA	NA
SV1_pop1_H10	maketube	w_duplicated	minimap2	OUTCOME	TOTAL	indel	0	0	0	NA	NA	NA
SV1_pop1_H10	maketube	w_duplicated	minimap2	OUTCOME	TOTAL	other	0	0	0	NA	NA	NA
SV1_pop1_H10	maketube	w_duplicated	minimap2	OUTCOME	TOTAL	unknown	0	0	0	NA	NA	NA
SV1_pop1_H2	maketube	wo_duplicated	nucmer	OUTCOME	TOTAL	snp	426	12	9	0.9793103448275862	0.9726027397260274	0.9759565422768068
SV1_pop1_H2	maketube	wo_duplicated	nucmer	OUTCOME	TOTAL	mnp	0	0	0	NA	NA	NA
SV1_pop1_H2	maketube	wo_duplicated	nucmer	OUTCOME	TOTAL	indel	0	0	0	NA	NA	NA
SV1_pop1_H2	maketube	wo_duplicated	nucmer	OUTCOME	TOTAL	other	0	0	0	NA	NA	NA
SV1_pop1_H2	maketube	wo_duplicated	nucmer	OUTCOME	TOTAL	unknown	0	0	0	NA	NA	NA
SV1_pop1_H2	maketube	wo_duplicated	minimap2	OUTCOME	TOTAL	snp	411	0	24	0.9448275862068966	1.0	0.9724137931034482
SV1_pop1_H2	maketube	wo_duplicated	minimap2	OUTCOME	TOTAL	mnp	0	0	0	NA	NA	NA
SV1_pop1_H2	maketube	wo_duplicated	minimap2	OUTCOME	TOTAL	indel	0	0	0	NA	NA	NA
SV1_pop1_H2	maketube	wo_duplicated	minimap2	OUTCOME	TOTAL	other	0	0	0	NA	NA	NA
SV1_pop1_H2	maketube	wo_duplicated	minimap2	OUTCOME	TOTAL	unknown	0	0	0	NA	NA	NA
SV1_pop1_H2	maketube	w_duplicated	nucmer	OUTCOME	TOTAL	snp	426	12	21	0.9530201342281879	0.9726027397260274	0.9628114369771077
SV1_pop1_H2	maketube	w_duplicated	nucmer	OUTCOME	TOTAL	mnp	0	0	0	NA	NA	NA
SV1_pop1_H2	maketube	w_duplicated	nucmer	OUTCOME	TOTAL	indel	0	0	0	NA	NA	NA
SV1_pop1_H2	maketube	w_duplicated	nucmer	OUTCOME	TOTAL	other	0	0	0	NA	NA	NA
SV1_pop1_H2	maketube	w_duplicated	nucmer	OUTCOME	TOTAL	unknown	0	0	0	NA	NA	NA
SV1_pop1_H2	maketube	w_duplicated	minimap2	OUTCOME	TOTAL	snp	411	0	36	0.9194630872483222	1.0	0.9597315436241611
SV1_pop1_H2	maketube	w_duplicated	minimap2	OUTCOME	TOTAL	mnp	0	0	0	NA	NA	NA
SV1_pop1_H2	maketube	w_duplicated	minimap2	OUTCOME	TOTAL	indel	0	0	0	NA	NA	NA
SV1_pop1_H2	maketube	w_duplicated	minimap2	OUTCOME	TOTAL	other	0	0	0	NA	NA	NA
SV1_pop1_H2	maketube	w_duplicated	minimap2	OUTCOME	TOTAL	unknown	0	0	0	NA	NA	NA
SV1_pop1_H3	maketube	wo_duplicated	nucmer	OUTCOME	TOTAL	snp	417	16	8	0.9811764705882353	0.9630484988452656	0.9721124847167504
SV1_pop1_H3	maketube	wo_duplicated	nucmer	OUTCOME	TOTAL	mnp	0	0	0	NA	NA	NA
SV1_pop1_H3	maketube	wo_duplicated	nucmer	OUTCOME	TOTAL	indel	0	0	0	NA	NA	NA
SV1_pop1_H3	maketube	wo_duplicated	nucmer	OUTCOME	TOTAL	other	0	0	0	NA	NA	NA
SV1_pop1_H3	maketube	wo_duplicated	nucmer	OUTCOME	TOTAL	unknown	0	0	0	NA	NA	NA
SV1_pop1_H3	maketube	wo_duplicated	minimap2	OUTCOME	TOTAL	snp	402	0	23	0.9458823529411765	1.0	0.9729411764705882
SV1_pop1_H3	maketube	wo_duplicated	minimap2	OUTCOME	TOTAL	mnp	0	0	0	NA	NA	NA
SV1_pop1_H3	maketube	wo_duplicated	minimap2	OUTCOME	TOTAL	indel	0	0	0	NA	NA	NA
SV1_pop1_H3	maketube	wo_duplicated	minimap2	OUTCOME	TOTAL	other	0	0	0	NA	NA	NA
SV1_pop1_H3	maketube	wo_duplicated	minimap2	OUTCOME	TOTAL	unknown	0	0	0	NA	NA	NA
SV1_pop1_H3	maketube	w_duplicated	nucmer	OUTCOME	TOTAL	snp	417	16	24	0.9455782312925171	0.9630484988452656	0.9543133650688913
SV1_pop1_H3	maketube	w_duplicated	nucmer	OUTCOME	TOTAL	mnp	0	0	0	NA	NA	NA
SV1_pop1_H3	maketube	w_duplicated	nucmer	OUTCOME	TOTAL	indel	0	0	0	NA	NA	NA
SV1_pop1_H3	maketube	w_duplicated	nucmer	OUTCOME	TOTAL	other	0	0	0	NA	NA	NA
SV1_pop1_H3	maketube	w_duplicated	nucmer	OUTCOME	TOTAL	unknown	0	0	0	NA	NA	NA
SV1_pop1_H3	maketube	w_duplicated	minimap2	OUTCOME	TOTAL	snp	402	0	39	0.9115646258503401	1.0	0.9557823129251701
SV1_pop1_H3	maketube	w_duplicated	minimap2	OUTCOME	TOTAL	mnp	0	0	0	NA	NA	NA
SV1_pop1_H3	maketube	w_duplicated	minimap2	OUTCOME	TOTAL	indel	0	0	0	NA	NA	NA
SV1_pop1_H3	maketube	w_duplicated	minimap2	OUTCOME	TOTAL	other	0	0	0	NA	NA	NA
SV1_pop1_H3	maketube	w_duplicated	minimap2	OUTCOME	TOTAL	unknown	0	0	0	NA	NA	NA
SV1_pop1_H4	maketube	wo_duplicated	nucmer	OUTCOME	TOTAL	snp	412	13	7	0.9832935560859188	0.9694117647058823	0.9763526603959005
SV1_pop1_H4	maketube	wo_duplicated	nucmer	OUTCOME	TOTAL	mnp	0	0	0	NA	NA	NA
SV1_pop1_H4	maketube	wo_duplicated	nucmer	OUTCOME	TOTAL	indel	0	0	0	NA	NA	NA
SV1_pop1_H4	maketube	wo_duplicated	nucmer	OUTCOME	TOTAL	other	0	0	0	NA	NA	NA
SV1_pop1_H4	maketube	wo_duplicated	nucmer	OUTCOME	TOTAL	unknown	0	0	0	NA	NA	NA
SV1_pop1_H4	maketube	wo_duplicated	minimap2	OUTCOME	TOTAL	snp	400	0	19	0.954653937947494	1.0	0.9773269689737469
SV1_pop1_H4	maketube	wo_duplicated	minimap2	OUTCOME	TOTAL	mnp	0	0	0	NA	NA	NA
SV1_pop1_H4	maketube	wo_duplicated	minimap2	OUTCOME	TOTAL	indel	0	0	0	NA	NA	NA
SV1_pop1_H4	maketube	wo_duplicated	minimap2	OUTCOME	TOTAL	other	0	0	0	NA	NA	NA
SV1_pop1_H4	maketube	wo_duplicated	minimap2	OUTCOME	TOTAL	unknown	0	0	0	NA	NA	NA
SV1_pop1_H4	maketube	w_duplicated	nucmer	OUTCOME	TOTAL	snp	412	13	20	0.9537037037037037	0.9694117647058823	0.961557734204793
SV1_pop1_H4	maketube	w_duplicated	nucmer	OUTCOME	TOTAL	mnp	0	0	0	NA	NA	NA
SV1_pop1_H4	maketube	w_duplicated	nucmer	OUTCOME	TOTAL	indel	0	0	0	NA	NA	NA
SV1_pop1_H4	maketube	w_duplicated	nucmer	OUTCOME	TOTAL	other	0	0	0	NA	NA	NA
SV1_pop1_H4	maketube	w_duplicated	nucmer	OUTCOME	TOTAL	unknown	0	0	0	NA	NA	NA
SV1_pop1_H4	maketube	w_duplicated	minimap2	OUTCOME	TOTAL	snp	400	0	32	0.9259259259259259	1.0	0.962962962962963
SV1_pop1_H4	maketube	w_duplicated	minimap2	OUTCOME	TOTAL	mnp	0	0	0	NA	NA	NA
SV1_pop1_H4	maketube	w_duplicated	minimap2	OUTCOME	TOTAL	indel	0	0	0	NA	NA	NA
SV1_pop1_H4	maketube	w_duplicated	minimap2	OUTCOME	TOTAL	other	0	0	0	NA	NA	NA
SV1_pop1_H4	maketube	w_duplicated	minimap2	OUTCOME	TOTAL	unknown	0	0	0	NA	NA	NA
SV1_pop1_H5	maketube	wo_duplicated	nucmer	OUTCOME	TOTAL	snp	408	9	10	0.9760765550239234	0.9784172661870504	0.9772469106054869
SV1_pop1_H5	maketube	wo_duplicated	nucmer	OUTCOME	TOTAL	mnp	0	0	0	NA	NA	NA
SV1_pop1_H5	maketube	wo_duplicated	nucmer	OUTCOME	TOTAL	indel	0	0	0	NA	NA	NA
SV1_pop1_H5	maketube	wo_duplicated	nucmer	OUTCOME	TOTAL	other	0	0	0	NA	NA	NA
SV1_pop1_H5	maketube	wo_duplicated	nucmer	OUTCOME	TOTAL	unknown	0	0	0	NA	NA	NA
SV1_pop1_H5	maketube	wo_duplicated	minimap2	OUTCOME	TOTAL	snp	392	0	26	0.937799043062201	1.0	0.9688995215311005
SV1_pop1_H5	maketube	wo_duplicated	minimap2	OUTCOME	TOTAL	mnp	0	0	0	NA	NA	NA
SV1_pop1_H5	maketube	wo_duplicated	minimap2	OUTCOME	TOTAL	indel	0	0	0	NA	NA	NA
SV1_pop1_H5	maketube	wo_duplicated	minimap2	OUTCOME	TOTAL	other	0	0	0	NA	NA	NA
SV1_pop1_H5	maketube	wo_duplicated	minimap2	OUTCOME	TOTAL	unknown	0	0	0	NA	NA	NA
SV1_pop1_H5	maketube	w_duplicated	nucmer	OUTCOME	TOTAL	snp	408	9	19	0.955503512880562	0.9784172661870504	0.9669603895338061
SV1_pop1_H5	maketube	w_duplicated	nucmer	OUTCOME	TOTAL	mnp	0	0	0	NA	NA	NA
SV1_pop1_H5	maketube	w_duplicated	nucmer	OUTCOME	TOTAL	indel	0	0	0	NA	NA	NA
SV1_pop1_H5	maketube	w_duplicated	nucmer	OUTCOME	TOTAL	other	0	0	0	NA	NA	NA
SV1_pop1_H5	maketube	w_duplicated	nucmer	OUTCOME	TOTAL	unknown	0	0	0	NA	NA	NA
SV1_pop1_H5	maketube	w_duplicated	minimap2	OUTCOME	TOTAL	snp	392	0	35	0.9180327868852459	1.0	0.959016393442623
SV1_pop1_H5	maketube	w_duplicated	minimap2	OUTCOME	TOTAL	mnp	0	0	0	NA	NA	NA
SV1_pop1_H5	maketube	w_duplicated	minimap2	OUTCOME	TOTAL	indel	0	0	0	NA	NA	NA
SV1_pop1_H5	maketube	w_duplicated	minimap2	OUTCOME	TOTAL	other	0	0	0	NA	NA	NA
SV1_pop1_H5	maketube	w_duplicated	minimap2	OUTCOME	TOTAL	unknown	0	0	0	NA	NA	NA
SV1_pop1_H6	maketube	wo_duplicated	nucmer	OUTCOME	TOTAL	snp	408	8	11	0.9737470167064439	0.9807692307692307	0.9772581237378373
SV1_pop1_H6	maketube	wo_duplicated	nucmer	OUTCOME	TOTAL	mnp	0	0	0	NA	NA	NA
SV1_pop1_H6	maketube	wo_duplicated	nucmer	OUTCOME	TOTAL	indel	0	0	0	NA	NA	NA
SV1_pop1_H6	maketube	wo_duplicated	nucmer	OUTCOME	TOTAL	other	0	0	0	NA	NA	NA
SV1_pop1_H6	maketube	wo_duplicated	nucmer	OUTCOME	TOTAL	unknown	0	0	0	NA	NA	NA
SV1_pop1_H6	maketube	wo_duplicated	minimap2	OUTCOME	TOTAL	snp	391	0	28	0.9331742243436754	1.0	0.9665871121718377
SV1_pop1_H6	maketube	wo_duplicated	minimap2	OUTCOME	TOTAL	mnp	0	0	0	NA	NA	NA
SV1_pop1_H6	maketube	wo_duplicated	minimap2	OUTCOME	TOTAL	indel	0	0	0	NA	NA	NA
SV1_pop1_H6	maketube	wo_duplicated	minimap2	OUTCOME	TOTAL	other	0	0	0	NA	NA	NA
SV1_pop1_H6	maketube	wo_duplicated	minimap2	OUTCOME	TOTAL	unknown	0	0	0	NA	NA	NA
SV1_pop1_H6	maketube	w_duplicated	nucmer	OUTCOME	TOTAL	snp	408	8	19	0.955503512880562	0.9807692307692307	0.9681363718248963
SV1_pop1_H6	maketube	w_duplicated	nucmer	OUTCOME	TOTAL	mnp	0	0	0	NA	NA	NA
SV1_pop1_H6	maketube	w_duplicated	nucmer	OUTCOME	TOTAL	indel	0	0	0	NA	NA	NA
SV1_pop1_H6	maketube	w_duplicated	nucmer	OUTCOME	TOTAL	other	0	0	0	NA	NA	NA
SV1_pop1_H6	maketube	w_duplicated	nucmer	OUTCOME	TOTAL	unknown	0	0	0	NA	NA	NA
SV1_pop1_H6	maketube	w_duplicated	minimap2	OUTCOME	TOTAL	snp	391	0	36	0.9156908665105387	1.0	0.9578454332552693
SV1_pop1_H6	maketube	w_duplicated	minimap2	OUTCOME	TOTAL	mnp	0	0	0	NA	NA	NA
SV1_pop1_H6	maketube	w_duplicated	minimap2	OUTCOME	TOTAL	indel	0	0	0	NA	NA	NA
SV1_pop1_H6	maketube	w_duplicated	minimap2	OUTCOME	TOTAL	other	0	0	0	NA	NA	NA
SV1_pop1_H6	maketube	w_duplicated	minimap2	OUTCOME	TOTAL	unknown	0	0	0	NA	NA	NA
SV1_pop1_H7	maketube	wo_duplicated	nucmer	OUTCOME	TOTAL	snp	400	19	3	0.9925558312655087	0.954653937947494	0.9736048846065013
SV1_pop1_H7	maketube	wo_duplicated	nucmer	OUTCOME	TOTAL	mnp	0	0	0	NA	NA	NA
SV1_pop1_H7	maketube	wo_duplicated	nucmer	OUTCOME	TOTAL	indel	0	0	0	NA	NA	NA
SV1_pop1_H7	maketube	wo_duplicated	nucmer	OUTCOME	TOTAL	other	0	0	0	NA	NA	NA
SV1_pop1_H7	maketube	wo_duplicated	nucmer	OUTCOME	TOTAL	unknown	0	0	0	NA	NA	NA
SV1_pop1_H7	maketube	wo_duplicated	minimap2	OUTCOME	TOTAL	snp	393	0	10	0.9751861042183623	1.0	0.9875930521091811
SV1_pop1_H7	maketube	wo_duplicated	minimap2	OUTCOME	TOTAL	mnp	0	0	0	NA	NA	NA
SV1_pop1_H7	maketube	wo_duplicated	minimap2	OUTCOME	TOTAL	indel	0	0	0	NA	NA	NA
SV1_pop1_H7	maketube	wo_duplicated	minimap2	OUTCOME	TOTAL	other	0	0	0	NA	NA	NA
SV1_pop1_H7	maketube	wo_duplicated	minimap2	OUTCOME	TOTAL	unknown	0	0	0	NA	NA	NA
SV1_pop1_H7	maketube	w_duplicated	nucmer	OUTCOME	TOTAL	snp	401	19	22	0.9479905437352246	0.9547619047619048	0.9513762242485647
SV1_pop1_H7	maketube	w_duplicated	nucmer	OUTCOME	TOTAL	mnp	0	0	0	NA	NA	NA
SV1_pop1_H7	maketube	w_duplicated	nucmer	OUTCOME	TOTAL	indel	0	0	0	NA	NA	NA
SV1_pop1_H7	maketube	w_duplicated	nucmer	OUTCOME	TOTAL	other	0	0	0	NA	NA	NA
SV1_pop1_H7	maketube	w_duplicated	nucmer	OUTCOME	TOTAL	unknown	0	0	0	NA	NA	NA
SV1_pop1_H7	maketube	w_duplicated	minimap2	OUTCOME	TOTAL	snp	394	0	29	0.9314420803782506	1.0	0.9657210401891253
SV1_pop1_H7	maketube	w_duplicated	minimap2	OUTCOME	TOTAL	mnp	0	0	0	NA	NA	NA
SV1_pop1_H7	maketube	w_duplicated	minimap2	OUTCOME	TOTAL	indel	0	0	0	NA	NA	NA
SV1_pop1_H7	maketube	w_duplicated	minimap2	OUTCOME	TOTAL	other	0	0	0	NA	NA	NA
SV1_pop1_H7	maketube	w_duplicated	minimap2	OUTCOME	TOTAL	unknown	0	0	0	NA	NA	NA
SV1_pop1_H8	maketube	wo_duplicated	nucmer	OUTCOME	TOTAL	snp	407	17	5	0.9878640776699029	0.9599056603773585	0.9738848690236307
SV1_pop1_H8	maketube	wo_duplicated	nucmer	OUTCOME	TOTAL	mnp	0	0	0	NA	NA	NA
SV1_pop1_H8	maketube	wo_duplicated	nucmer	OUTCOME	TOTAL	indel	0	0	0	NA	NA	NA
SV1_pop1_H8	maketube	wo_duplicated	nucmer	OUTCOME	TOTAL	other	0	0	0	NA	NA	NA
SV1_pop1_H8	maketube	wo_duplicated	nucmer	OUTCOME	TOTAL	unknown	0	0	0	NA	NA	NA
SV1_pop1_H8	maketube	wo_duplicated	minimap2	OUTCOME	TOTAL	snp	397	0	15	0.9635922330097088	1.0	0.9817961165048543
SV1_pop1_H8	maketube	wo_duplicated	minimap2	OUTCOME	TOTAL	mnp	0	0	0	NA	NA	NA
SV1_pop1_H8	maketube	wo_duplicated	minimap2	OUTCOME	TOTAL	indel	0	0	0	NA	NA	NA
SV1_pop1_H8	maketube	wo_duplicated	minimap2	OUTCOME	TOTAL	other	0	0	0	NA	NA	NA
SV1_pop1_H8	maketube	wo_duplicated	minimap2	OUTCOME	TOTAL	unknown	0	0	0	NA	NA	NA
SV1_pop1_H8	maketube	w_duplicated	nucmer	OUTCOME	TOTAL	snp	408	17	22	0.9488372093023256	0.96	0.9544186046511628
SV1_pop1_H8	maketube	w_duplicated	nucmer	OUTCOME	TOTAL	mnp	0	0	0	NA	NA	NA
SV1_pop1_H8	maketube	w_duplicated	nucmer	OUTCOME	TOTAL	indel	0	0	0	NA	NA	NA
SV1_pop1_H8	maketube	w_duplicated	nucmer	OUTCOME	TOTAL	other	0	0	0	NA	NA	NA
SV1_pop1_H8	maketube	w_duplicated	nucmer	OUTCOME	TOTAL	unknown	0	0	0	NA	NA	NA
SV1_pop1_H8	maketube	w_duplicated	minimap2	OUTCOME	TOTAL	snp	398	0	32	0.9255813953488372	1.0	0.9627906976744186
SV1_pop1_H8	maketube	w_duplicated	minimap2	OUTCOME	TOTAL	mnp	0	0	0	NA	NA	NA
SV1_pop1_H8	maketube	w_duplicated	minimap2	OUTCOME	TOTAL	indel	0	0	0	NA	NA	NA
SV1_pop1_H8	maketube	w_duplicated	minimap2	OUTCOME	TOTAL	other	0	0	0	NA	NA	NA
SV1_pop1_H8	maketube	w_duplicated	minimap2	OUTCOME	TOTAL	unknown	0	0	0	NA	NA	NA
SV1_pop1_H9	maketube	wo_duplicated	nucmer	OUTCOME	TOTAL	snp	394	17	5	0.9874686716791979	0.9586374695863747	0.9730530706327863
SV1_pop1_H9	maketube	wo_duplicated	nucmer	OUTCOME	TOTAL	mnp	0	0	0	NA	NA	NA
SV1_pop1_H9	maketube	wo_duplicated	nucmer	OUTCOME	TOTAL	indel	0	0	0	NA	NA	NA
SV1_pop1_H9	maketube	wo_duplicated	nucmer	OUTCOME	TOTAL	other	0	0	0	NA	NA	NA
SV1_pop1_H9	maketube	wo_duplicated	nucmer	OUTCOME	TOTAL	unknown	0	0	0	NA	NA	NA
SV1_pop1_H9	maketube	wo_duplicated	minimap2	OUTCOME	TOTAL	snp	383	0	16	0.9598997493734336	1.0	0.9799498746867168
SV1_pop1_H9	maketube	wo_duplicated	minimap2	OUTCOME	TOTAL	mnp	0	0	0	NA	NA	NA
SV1_pop1_H9	maketube	wo_duplicated	minimap2	OUTCOME	TOTAL	indel	0	0	0	NA	NA	NA
SV1_pop1_H9	maketube	wo_duplicated	minimap2	OUTCOME	TOTAL	other	0	0	0	NA	NA	NA
SV1_pop1_H9	maketube	wo_duplicated	minimap2	OUTCOME	TOTAL	unknown	0	0	0	NA	NA	NA
SV1_pop1_H9	maketube	w_duplicated	nucmer	OUTCOME	TOTAL	snp	394	17	22	0.9471153846153846	0.9586374695863747	0.9528764271008796
SV1_pop1_H9	maketube	w_duplicated	nucmer	OUTCOME	TOTAL	mnp	0	0	0	NA	NA	NA
SV1_pop1_H9	maketube	w_duplicated	nucmer	OUTCOME	TOTAL	indel	0	0	0	NA	NA	NA
SV1_pop1_H9	maketube	w_duplicated	nucmer	OUTCOME	TOTAL	other	0	0	0	NA	NA	NA
SV1_pop1_H9	maketube	w_duplicated	nucmer	OUTCOME	TOTAL	unknown	0	0	0	NA	NA	NA
SV1_pop1_H9	maketube	w_duplicated	minimap2	OUTCOME	TOTAL	snp	383	0	33	0.9206730769230769	1.0	0.9603365384615384
SV1_pop1_H9	maketube	w_duplicated	minimap2	OUTCOME	TOTAL	mnp	0	0	0	NA	NA	NA
SV1_pop1_H9	maketube	w_duplicated	minimap2	OUTCOME	TOTAL	indel	0	0	0	NA	NA	NA
SV1_pop1_H9	maketube	w_duplicated	minimap2	OUTCOME	TOTAL	other	0	0	0	NA	NA	NA
SV1_pop1_H9	maketube	w_duplicated	minimap2	OUTCOME	TOTAL	unknown	0	0	0	NA	NA	NA
SV2_pop1_H1	maketube	wo_duplicated	nucmer	OUTCOME	TOTAL	snp	384	3	1	0.9974025974025974	0.9922480620155039	0.9948253297090506
SV2_pop1_H1	maketube	wo_duplicated	nucmer	OUTCOME	TOTAL	mnp	0	0	0	NA	NA	NA
SV2_pop1_H1	maketube	wo_duplicated	nucmer	OUTCOME	TOTAL	indel	0	0	0	NA	NA	NA
SV2_pop1_H1	maketube	wo_duplicated	nucmer	OUTCOME	TOTAL	other	0	0	0	NA	NA	NA
SV2_pop1_H1	maketube	wo_duplicated	nucmer	OUTCOME	TOTAL	unknown	0	0	0	NA	NA	NA
SV2_pop1_H1	maketube	wo_duplicated	minimap2	OUTCOME	TOTAL	snp	368	0	17	0.9558441558441558	1.0	0.9779220779220779
SV2_pop1_H1	maketube	wo_duplicated	minimap2	OUTCOME	TOTAL	mnp	0	0	0	NA	NA	NA
SV2_pop1_H1	maketube	wo_duplicated	minimap2	OUTCOME	TOTAL	indel	0	0	0	NA	NA	NA
SV2_pop1_H1	maketube	wo_duplicated	minimap2	OUTCOME	TOTAL	other	0	0	0	NA	NA	NA
SV2_pop1_H1	maketube	wo_duplicated	minimap2	OUTCOME	TOTAL	unknown	0	0	0	NA	NA	NA
SV2_pop1_H1	maketube	w_duplicated	nucmer	OUTCOME	TOTAL	snp	384	3	14	0.964824120603015	0.9922480620155039	0.9785360913092594
SV2_pop1_H1	maketube	w_duplicated	nucmer	OUTCOME	TOTAL	mnp	0	0	0	NA	NA	NA
SV2_pop1_H1	maketube	w_duplicated	nucmer	OUTCOME	TOTAL	indel	0	0	0	NA	NA	NA
SV2_pop1_H1	maketube	w_duplicated	nucmer	OUTCOME	TOTAL	other	0	0	0	NA	NA	NA
SV2_pop1_H1	maketube	w_duplicated	nucmer	OUTCOME	TOTAL	unknown	0	0	0	NA	NA	NA
SV2_pop1_H1	maketube	w_duplicated	minimap2	OUTCOME	TOTAL	snp	368	0	30	0.9246231155778895	1.0	0.9623115577889447
SV2_pop1_H1	maketube	w_duplicated	minimap2	OUTCOME	TOTAL	mnp	0	0	0	NA	NA	NA
SV2_pop1_H1	maketube	w_duplicated	minimap2	OUTCOME	TOTAL	indel	0	0	0	NA	NA	NA
SV2_pop1_H1	maketube	w_duplicated	minimap2	OUTCOME	TOTAL	other	0	0	0	NA	NA	NA
SV2_pop1_H1	maketube	w_duplicated	minimap2	OUTCOME	TOTAL	unknown	0	0	0	NA	NA	NA
SV2_pop1_H10	maketube	wo_duplicated	nucmer	OUTCOME	TOTAL	snp	389	3	4	0.989821882951654	0.9923469387755102	0.9910844108635821
SV2_pop1_H10	maketube	wo_duplicated	nucmer	OUTCOME	TOTAL	mnp	0	0	0	NA	NA	NA
SV2_pop1_H10	maketube	wo_duplicated	nucmer	OUTCOME	TOTAL	indel	0	0	0	NA	NA	NA
SV2_pop1_H10	maketube	wo_duplicated	nucmer	OUTCOME	TOTAL	other	0	0	0	NA	NA	NA
SV2_pop1_H10	maketube	wo_duplicated	nucmer	OUTCOME	TOTAL	unknown	0	0	0	NA	NA	NA
SV2_pop1_H10	maketube	wo_duplicated	minimap2	OUTCOME	TOTAL	snp	378	0	15	0.9618320610687023	1.0	0.9809160305343512
SV2_pop1_H10	maketube	wo_duplicated	minimap2	OUTCOME	TOTAL	mnp	0	0	0	NA	NA	NA
SV2_pop1_H10	maketube	wo_duplicated	minimap2	OUTCOME	TOTAL	indel	0	0	0	NA	NA	NA
SV2_pop1_H10	maketube	wo_duplicated	minimap2	OUTCOME	TOTAL	other	0	0	0	NA	NA	NA
SV2_pop1_H10	maketube	wo_duplicated	minimap2	OUTCOME	TOTAL	unknown	0	0	0	NA	NA	NA
SV2_pop1_H10	maketube	w_duplicated	nucmer	OUTCOME	TOTAL	snp	389	3	19	0.9534313725490197	0.9923469387755102	0.972889155662265
SV2_pop1_H10	maketube	w_duplicated	nucmer	OUTCOME	TOTAL	mnp	0	0	0	NA	NA	NA
SV2_pop1_H10	maketube	w_duplicated	nucmer	OUTCOME	TOTAL	indel	0	0	0	NA	NA	NA
SV2_pop1_H10	maketube	w_duplicated	nucmer	OUTCOME	TOTAL	other	0	0	0	NA	NA	NA
SV2_pop1_H10	maketube	w_duplicated	nucmer	OUTCOME	TOTAL	unknown	0	0	0	NA	NA	NA
SV2_pop1_H10	maketube	w_duplicated	minimap2	OUTCOME	TOTAL	snp	378	0	30	0.9264705882352942	1.0	0.9632352941176471
SV2_pop1_H10	maketube	w_duplicated	minimap2	OUTCOME	TOTAL	mnp	0	0	0	NA	NA	NA
SV2_pop1_H10	maketube	w_duplicated	minimap2	OUTCOME	TOTAL	indel	0	0	0	NA	NA	NA
SV2_pop1_H10	maketube	w_duplicated	minimap2	OUTCOME	TOTAL	other	0	0	0	NA	NA	NA
SV2_pop1_H10	maketube	w_duplicated	minimap2	OUTCOME	TOTAL	unknown	0	0	0	NA	NA	NA
SV2_pop1_H2	maketube	wo_duplicated	nucmer	OUTCOME	TOTAL	snp	386	3	1	0.9974160206718347	0.9922879177377892	0.9948519692048119
SV2_pop1_H2	maketube	wo_duplicated	nucmer	OUTCOME	TOTAL	mnp	0	0	0	NA	NA	NA
SV2_pop1_H2	maketube	wo_duplicated	nucmer	OUTCOME	TOTAL	indel	0	0	0	NA	NA	NA
SV2_pop1_H2	maketube	wo_duplicated	nucmer	OUTCOME	TOTAL	other	0	0	0	NA	NA	NA
SV2_pop1_H2	maketube	wo_duplicated	nucmer	OUTCOME	TOTAL	unknown	0	0	0	NA	NA	NA
SV2_pop1_H2	maketube	wo_duplicated	minimap2	OUTCOME	TOTAL	snp	368	0	19	0.9509043927648578	1.0	0.975452196382429
SV2_pop1_H2	maketube	wo_duplicated	minimap2	OUTCOME	TOTAL	mnp	0	0	0	NA	NA	NA
SV2_pop1_H2	maketube	wo_duplicated	minimap2	OUTCOME	TOTAL	indel	0	0	0	NA	NA	NA
SV2_pop1_H2	maketube	wo_duplicated	minimap2	OUTCOME	TOTAL	other	0	0	0	NA	NA	NA
SV2_pop1_H2	maketube	wo_duplicated	minimap2	OUTCOME	TOTAL	unknown	0	0	0	NA	NA	NA
SV2_pop1_H2	maketube	w_duplicated	nucmer	OUTCOME	TOTAL	snp	386	3	14	0.965	0.9922879177377892	0.9786439588688947
SV2_pop1_H2	maketube	w_duplicated	nucmer	OUTCOME	TOTAL	mnp	0	0	0	NA	NA	NA
SV2_pop1_H2	maketube	w_duplicated	nucmer	OUTCOME	TOTAL	indel	0	0	0	NA	NA	NA
SV2_pop1_H2	maketube	w_duplicated	nucmer	OUTCOME	TOTAL	other	0	0	0	NA	NA	NA
SV2_pop1_H2	maketube	w_duplicated	nucmer	OUTCOME	TOTAL	unknown	0	0	0	NA	NA	NA
SV2_pop1_H2	maketube	w_duplicated	minimap2	OUTCOME	TOTAL	snp	368	0	32	0.92	1.0	0.96
SV2_pop1_H2	maketube	w_duplicated	minimap2	OUTCOME	TOTAL	mnp	0	0	0	NA	NA	NA
SV2_pop1_H2	maketube	w_duplicated	minimap2	OUTCOME	TOTAL	indel	0	0	0	NA	NA	NA
SV2_pop1_H2	maketube	w_duplicated	minimap2	OUTCOME	TOTAL	other	0	0	0	NA	NA	NA
SV2_pop1_H2	maketube	w_duplicated	minimap2	OUTCOME	TOTAL	unknown	0	0	0	NA	NA	NA
SV2_pop1_H3	maketube	wo_duplicated	nucmer	OUTCOME	TOTAL	snp	403	3	1	0.9975247524752475	0.9926108374384236	0.9950677949568356
SV2_pop1_H3	maketube	wo_duplicated	nucmer	OUTCOME	TOTAL	mnp	0	0	0	NA	NA	NA
SV2_pop1_H3	maketube	wo_duplicated	nucmer	OUTCOME	TOTAL	indel	0	0	0	NA	NA	NA
SV2_pop1_H3	maketube	wo_duplicated	nucmer	OUTCOME	TOTAL	other	0	0	0	NA	NA	NA
SV2_pop1_H3	maketube	wo_duplicated	nucmer	OUTCOME	TOTAL	unknown	0	0	0	NA	NA	NA
SV2_pop1_H3	maketube	wo_duplicated	minimap2	OUTCOME	TOTAL	snp	391	0	13	0.9678217821782178	1.0	0.9839108910891089
SV2_pop1_H3	maketube	wo_duplicated	minimap2	OUTCOME	TOTAL	mnp	0	0	0	NA	NA	NA
SV2_pop1_H3	maketube	wo_duplicated	minimap2	OUTCOME	TOTAL	indel	0	0	0	NA	NA	NA
SV2_pop1_H3	maketube	wo_duplicated	minimap2	OUTCOME	TOTAL	other	0	0	0	NA	NA	NA
SV2_pop1_H3	maketube	wo_duplicated	minimap2	OUTCOME	TOTAL	unknown	0	0	0	NA	NA	NA
SV2_pop1_H3	maketube	w_duplicated	nucmer	OUTCOME	TOTAL	snp	403	3	12	0.9710843373493976	0.9926108374384236	0.9818475873939105
SV2_pop1_H3	maketube	w_duplicated	nucmer	OUTCOME	TOTAL	mnp	0	0	0	NA	NA	NA
SV2_pop1_H3	maketube	w_duplicated	nucmer	OUTCOME	TOTAL	indel	0	0	0	NA	NA	NA
SV2_pop1_H3	maketube	w_duplicated	nucmer	OUTCOME	TOTAL	other	0	0	0	NA	NA	NA
SV2_pop1_H3	maketube	w_duplicated	nucmer	OUTCOME	TOTAL	unknown	0	0	0	NA	NA	NA
SV2_pop1_H3	maketube	w_duplicated	minimap2	OUTCOME	TOTAL	snp	391	0	24	0.9421686746987952	1.0	0.9710843373493976
SV2_pop1_H3	maketube	w_duplicated	minimap2	OUTCOME	TOTAL	mnp	0	0	0	NA	NA	NA
SV2_pop1_H3	maketube	w_duplicated	minimap2	OUTCOME	TOTAL	indel	0	0	0	NA	NA	NA
SV2_pop1_H3	maketube	w_duplicated	minimap2	OUTCOME	TOTAL	other	0	0	0	NA	NA	NA
SV2_pop1_H3	maketube	w_duplicated	minimap2	OUTCOME	TOTAL	unknown	0	0	0	NA	NA	NA
SV2_pop1_H4	maketube	wo_duplicated	nucmer	OUTCOME	TOTAL	snp	398	3	2	0.995	0.9925187032418953	0.9937593516209476
SV2_pop1_H4	maketube	wo_duplicated	nucmer	OUTCOME	TOTAL	mnp	0	0	0	NA	NA	NA
SV2_pop1_H4	maketube	wo_duplicated	nucmer	OUTCOME	TOTAL	indel	0	0	0	NA	NA	NA
SV2_pop1_H4	maketube	wo_duplicated	nucmer	OUTCOME	TOTAL	other	0	0	0	NA	NA	NA
SV2_pop1_H4	maketube	wo_duplicated	nucmer	OUTCOME	TOTAL	unknown	0	0	0	NA	NA	NA
SV2_pop1_H4	maketube	wo_duplicated	minimap2	OUTCOME	TOTAL	snp	381	0	19	0.9525	1.0	0.9762500000000001
SV2_pop1_H4	maketube	wo_duplicated	minimap2	OUTCOME	TOTAL	mnp	0	0	0	NA	NA	NA
SV2_pop1_H4	maketube	wo_duplicated	minimap2	OUTCOME	TOTAL	indel	0	0	0	NA	NA	NA
SV2_pop1_H4	maketube	wo_duplicated	minimap2	OUTCOME	TOTAL	other	0	0	0	NA	NA	NA
SV2_pop1_H4	maketube	wo_duplicated	minimap2	OUTCOME	TOTAL	unknown	0	0	0	NA	NA	NA
SV2_pop1_H4	maketube	w_duplicated	nucmer	OUTCOME	TOTAL	snp	398	3	16	0.961352657004831	0.9925187032418953	0.9769356801233631
SV2_pop1_H4	maketube	w_duplicated	nucmer	OUTCOME	TOTAL	mnp	0	0	0	NA	NA	NA
SV2_pop1_H4	maketube	w_duplicated	nucmer	OUTCOME	TOTAL	indel	0	0	0	NA	NA	NA
SV2_pop1_H4	maketube	w_duplicated	nucmer	OUTCOME	TOTAL	other	0	0	0	NA	NA	NA
SV2_pop1_H4	maketube	w_duplicated	nucmer	OUTCOME	TOTAL	unknown	0	0	0	NA	NA	NA
SV2_pop1_H4	maketube	w_duplicated	minimap2	OUTCOME	TOTAL	snp	381	0	33	0.9202898550724637	1.0	0.9601449275362319
SV2_pop1_H4	maketube	w_duplicated	minimap2	OUTCOME	TOTAL	mnp	0	0	0	NA	NA	NA
SV2_pop1_H4	maketube	w_duplicated	minimap2	OUTCOME	TOTAL	indel	0	0	0	NA	NA	NA
SV2_pop1_H4	maketube	w_duplicated	minimap2	OUTCOME	TOTAL	other	0	0	0	NA	NA	NA
SV2_pop1_H4	maketube	w_duplicated	minimap2	OUTCOME	TOTAL	unknown	0	0	0	NA	NA	NA
SV2_pop1_H5	maketube	wo_duplicated	nucmer	OUTCOME	TOTAL	snp	360	3	1	0.997229916897507	0.9917355371900827	0.9944827270437948
SV2_pop1_H5	maketube	wo_duplicated	nucmer	OUTCOME	TOTAL	mnp	0	0	0	NA	NA	NA
SV2_pop1_H5	maketube	wo_duplicated	nucmer	OUTCOME	TOTAL	indel	0	0	0	NA	NA	NA
SV2_pop1_H5	maketube	wo_duplicated	nucmer	OUTCOME	TOTAL	other	0	0	0	NA	NA	NA
SV2_pop1_H5	maketube	wo_duplicated	nucmer	OUTCOME	TOTAL	unknown	0	0	0	NA	NA	NA
SV2_pop1_H5	maketube	wo_duplicated	minimap2	OUTCOME	TOTAL	snp	350	0	11	0.9695290858725761	1.0	0.9847645429362881
SV2_pop1_H5	maketube	wo_duplicated	minimap2	OUTCOME	TOTAL	mnp	0	0	0	NA	NA	NA
SV2_pop1_H5	maketube	wo_duplicated	minimap2	OUTCOME	TOTAL	indel	0	0	0	NA	NA	NA
SV2_pop1_H5	maketube	wo_duplicated	minimap2	OUTCOME	TOTAL	other	0	0	0	NA	NA	NA
SV2_pop1_H5	maketube	wo_duplicated	minimap2	OUTCOME	TOTAL	unknown	0	0	0	NA	NA	NA
SV2_pop1_H5	maketube	w_duplicated	nucmer	OUTCOME	TOTAL	snp	360	3	18	0.9523809523809523	0.9917355371900827	0.9720582447855175
SV2_pop1_H5	maketube	w_duplicated	nucmer	OUTCOME	TOTAL	mnp	0	0	0	NA	NA	NA
SV2_pop1_H5	maketube	w_duplicated	nucmer	OUTCOME	TOTAL	indel	0	0	0	NA	NA	NA
SV2_pop1_H5	maketube	w_duplicated	nucmer	OUTCOME	TOTAL	other	0	0	0	NA	NA	NA
SV2_pop1_H5	maketube	w_duplicated	nucmer	OUTCOME	TOTAL	unknown	0	0	0	NA	NA	NA
SV2_pop1_H5	maketube	w_duplicated	minimap2	OUTCOME	TOTAL	snp	350	0	28	0.9259259259259259	1.0	0.962962962962963
SV2_pop1_H5	maketube	w_duplicated	minimap2	OUTCOME	TOTAL	mnp	0	0	0	NA	NA	NA
SV2_pop1_H5	maketube	w_duplicated	minimap2	OUTCOME	TOTAL	indel	0	0	0	NA	NA	NA
SV2_pop1_H5	maketube	w_duplicated	minimap2	OUTCOME	TOTAL	other	0	0	0	NA	NA	NA
SV2_pop1_H5	maketube	w_duplicated	minimap2	OUTCOME	TOTAL	unknown	0	0	0	NA	NA	NA
SV2_pop1_H6	maketube	wo_duplicated	nucmer	OUTCOME	TOTAL	snp	375	3	1	0.9973404255319149	0.9920634920634921	0.9947019587977035
SV2_pop1_H6	maketube	wo_duplicated	nucmer	OUTCOME	TOTAL	mnp	0	0	0	NA	NA	NA
SV2_pop1_H6	maketube	wo_duplicated	nucmer	OUTCOME	TOTAL	indel	0	0	0	NA	NA	NA
SV2_pop1_H6	maketube	wo_duplicated	nucmer	OUTCOME	TOTAL	other	0	0	0	NA	NA	NA
SV2_pop1_H6	maketube	wo_duplicated	nucmer	OUTCOME	TOTAL	unknown	0	0	0	NA	NA	NA
SV2_pop1_H6	maketube	wo_duplicated	minimap2	OUTCOME	TOTAL	snp	365	0	11	0.9707446808510638	1.0	0.9853723404255319
SV2_pop1_H6	maketube	wo_duplicated	minimap2	OUTCOME	TOTAL	mnp	0	0	0	NA	NA	NA
SV2_pop1_H6	maketube	wo_duplicated	minimap2	OUTCOME	TOTAL	indel	0	0	0	NA	NA	NA
SV2_pop1_H6	maketube	wo_duplicated	minimap2	OUTCOME	TOTAL	other	0	0	0	NA	NA	NA
SV2_pop1_H6	maketube	wo_duplicated	minimap2	OUTCOME	TOTAL	unknown	0	0	0	NA	NA	NA
SV2_pop1_H6	maketube	w_duplicated	nucmer	OUTCOME	TOTAL	snp	375	3	16	0.959079283887468	0.9920634920634921	0.97557138797548
SV2_pop1_H6	maketube	w_duplicated	nucmer	OUTCOME	TOTAL	mnp	0	0	0	NA	NA	NA
SV2_pop1_H6	maketube	w_duplicated	nucmer	OUTCOME	TOTAL	indel	0	0	0	NA	NA	NA
SV2_pop1_H6	maketube	w_duplicated	nucmer	OUTCOME	TOTAL	other	0	0	0	NA	NA	NA
SV2_pop1_H6	maketube	w_duplicated	nucmer	OUTCOME	TOTAL	unknown	0	0	0	NA	NA	NA
SV2_pop1_H6	maketube	w_duplicated	minimap2	OUTCOME	TOTAL	snp	365	0	26	0.9335038363171355	1.0	0.9667519181585678
SV2_pop1_H6	maketube	w_duplicated	minimap2	OUTCOME	TOTAL	mnp	0	0	0	NA	NA	NA
SV2_pop1_H6	maketube	w_duplicated	minimap2	OUTCOME	TOTAL	indel	0	0	0	NA	NA	NA
SV2_pop1_H6	maketube	w_duplicated	minimap2	OUTCOME	TOTAL	other	0	0	0	NA	NA	NA
SV2_pop1_H6	maketube	w_duplicated	minimap2	OUTCOME	TOTAL	unknown	0	0	0	NA	NA	NA
SV2_pop1_H7	maketube	wo_duplicated	nucmer	OUTCOME	TOTAL	snp	391	3	0	1.0	0.9923857868020305	0.9961928934010152
SV2_pop1_H7	maketube	wo_duplicated	nucmer	OUTCOME	TOTAL	mnp	0	0	0	NA	NA	NA
SV2_pop1_H7	maketube	wo_duplicated	nucmer	OUTCOME	TOTAL	indel	0	0	0	NA	NA	NA
SV2_pop1_H7	maketube	wo_duplicated	nucmer	OUTCOME	TOTAL	other	0	0	0	NA	NA	NA
SV2_pop1_H7	maketube	wo_duplicated	nucmer	OUTCOME	TOTAL	unknown	0	0	0	NA	NA	NA
SV2_pop1_H7	maketube	wo_duplicated	minimap2	OUTCOME	TOTAL	snp	377	0	14	0.9641943734015346	1.0	0.9820971867007673
SV2_pop1_H7	maketube	wo_duplicated	minimap2	OUTCOME	TOTAL	mnp	0	0	0	NA	NA	NA
SV2_pop1_H7	maketube	wo_duplicated	minimap2	OUTCOME	TOTAL	indel	0	0	0	NA	NA	NA
SV2_pop1_H7	maketube	wo_duplicated	minimap2	OUTCOME	TOTAL	other	0	0	0	NA	NA	NA
SV2_pop1_H7	maketube	wo_duplicated	minimap2	OUTCOME	TOTAL	unknown	0	0	0	NA	NA	NA
SV2_pop1_H7	maketube	w_duplicated	nucmer	OUTCOME	TOTAL	snp	391	3	14	0.9654320987654321	0.9923857868020305	0.9789089427837313
SV2_pop1_H7	maketube	w_duplicated	nucmer	OUTCOME	TOTAL	mnp	0	0	0	NA	NA	NA
SV2_pop1_H7	maketube	w_duplicated	nucmer	OUTCOME	TOTAL	indel	0	0	0	NA	NA	NA
SV2_pop1_H7	maketube	w_duplicated	nucmer	OUTCOME	TOTAL	other	0	0	0	NA	NA	NA
SV2_pop1_H7	maketube	w_duplicated	nucmer	OUTCOME	TOTAL	unknown	0	0	0	NA	NA	NA
SV2_pop1_H7	maketube	w_duplicated	minimap2	OUTCOME	TOTAL	snp	377	0	28	0.9308641975308642	1.0	0.9654320987654321
SV2_pop1_H7	maketube	w_duplicated	minimap2	OUTCOME	TOTAL	mnp	0	0	0	NA	NA	NA
SV2_pop1_H7	maketube	w_duplicated	minimap2	OUTCOME	TOTAL	indel	0	0	0	NA	NA	NA
SV2_pop1_H7	maketube	w_duplicated	minimap2	OUTCOME	TOTAL	other	0	0	0	NA	NA	NA
SV2_pop1_H7	maketube	w_duplicated	minimap2	OUTCOME	TOTAL	unknown	0	0	0	NA	NA	NA
SV2_pop1_H8	maketube	wo_duplicated	nucmer	OUTCOME	TOTAL	snp	406	3	2	0.9950980392156863	0.9926650366748166	0.9938815379452515
SV2_pop1_H8	maketube	wo_duplicated	nucmer	OUTCOME	TOTAL	mnp	0	0	0	NA	NA	NA
SV2_pop1_H8	maketube	wo_duplicated	nucmer	OUTCOME	TOTAL	indel	0	0	0	NA	NA	NA
SV2_pop1_H8	maketube	wo_duplicated	nucmer	OUTCOME	TOTAL	other	0	0	0	NA	NA	NA
SV2_pop1_H8	maketube	wo_duplicated	nucmer	OUTCOME	TOTAL	unknown	0	0	0	NA	NA	NA
SV2_pop1_H8	maketube	wo_duplicated	minimap2	OUTCOME	TOTAL	snp	391	0	17	0.9583333333333334	1.0	0.9791666666666667
SV2_pop1_H8	maketube	wo_duplicated	minimap2	OUTCOME	TOTAL	mnp	0	0	0	NA	NA	NA
SV2_pop1_H8	maketube	wo_duplicated	minimap2	OUTCOME	TOTAL	indel	0	0	0	NA	NA	NA
SV2_pop1_H8	maketube	wo_duplicated	minimap2	OUTCOME	TOTAL	other	0	0	0	NA	NA	NA
SV2_pop1_H8	maketube	wo_duplicated	minimap2	OUTCOME	TOTAL	unknown	0	0	0	NA	NA	NA
SV2_pop1_H8	maketube	w_duplicated	nucmer	OUTCOME	TOTAL	snp	406	3	15	0.9643705463182898	0.9926650366748166	0.9785177914965533
SV2_pop1_H8	maketube	w_duplicated	nucmer	OUTCOME	TOTAL	mnp	0	0	0	NA	NA	NA
SV2_pop1_H8	maketube	w_duplicated	nucmer	OUTCOME	TOTAL	indel	0	0	0	NA	NA	NA
SV2_pop1_H8	maketube	w_duplicated	nucmer	OUTCOME	TOTAL	other	0	0	0	NA	NA	NA
SV2_pop1_H8	maketube	w_duplicated	nucmer	OUTCOME	TOTAL	unknown	0	0	0	NA	NA	NA
SV2_pop1_H8	maketube	w_duplicated	minimap2	OUTCOME	TOTAL	snp	391	0	30	0.9287410926365796	1.0	0.9643705463182898
SV2_pop1_H8	maketube	w_duplicated	minimap2	OUTCOME	TOTAL	mnp	0	0	0	NA	NA	NA
SV2_pop1_H8	maketube	w_duplicated	minimap2	OUTCOME	TOTAL	indel	0	0	0	NA	NA	NA
SV2_pop1_H8	maketube	w_duplicated	minimap2	OUTCOME	TOTAL	other	0	0	0	NA	NA	NA
SV2_pop1_H8	maketube	w_duplicated	minimap2	OUTCOME	TOTAL	unknown	0	0	0	NA	NA	NA
SV2_pop1_H9	maketube	wo_duplicated	nucmer	OUTCOME	TOTAL	snp	424	3	1	0.9976470588235294	0.9929742388758782	0.9953106488497039
SV2_pop1_H9	maketube	wo_duplicated	nucmer	OUTCOME	TOTAL	mnp	0	0	0	NA	NA	NA
SV2_pop1_H9	maketube	wo_duplicated	nucmer	OUTCOME	TOTAL	indel	0	0	0	NA	NA	NA
SV2_pop1_H9	maketube	wo_duplicated	nucmer	OUTCOME	TOTAL	other	0	0	0	NA	NA	NA
SV2_pop1_H9	maketube	wo_duplicated	nucmer	OUTCOME	TOTAL	unknown	0	0	0	NA	NA	NA
SV2_pop1_H9	maketube	wo_duplicated	minimap2	OUTCOME	TOTAL	snp	404	0	21	0.9505882352941176	1.0	0.9752941176470589
SV2_pop1_H9	maketube	wo_duplicated	minimap2	OUTCOME	TOTAL	mnp	0	0	0	NA	NA	NA
SV2_pop1_H9	maketube	wo_duplicated	minimap2	OUTCOME	TOTAL	indel	0	0	0	NA	NA	NA
SV2_pop1_H9	maketube	wo_duplicated	minimap2	OUTCOME	TOTAL	other	0	0	0	NA	NA	NA
SV2_pop1_H9	maketube	wo_duplicated	minimap2	OUTCOME	TOTAL	unknown	0	0	0	NA	NA	NA
SV2_pop1_H9	maketube	w_duplicated	nucmer	OUTCOME	TOTAL	snp	424	3	20	0.954954954954955	0.9929742388758782	0.9739645969154166
SV2_pop1_H9	maketube	w_duplicated	nucmer	OUTCOME	TOTAL	mnp	0	0	0	NA	NA	NA
SV2_pop1_H9	maketube	w_duplicated	nucmer	OUTCOME	TOTAL	indel	0	0	0	NA	NA	NA
SV2_pop1_H9	maketube	w_duplicated	nucmer	OUTCOME	TOTAL	other	0	0	0	NA	NA	NA
SV2_pop1_H9	maketube	w_duplicated	nucmer	OUTCOME	TOTAL	unknown	0	0	0	NA	NA	NA
SV2_pop1_H9	maketube	w_duplicated	minimap2	OUTCOME	TOTAL	snp	404	0	40	0.9099099099099099	1.0	0.954954954954955
SV2_pop1_H9	maketube	w_duplicated	minimap2	OUTCOME	TOTAL	mnp	0	0	0	NA	NA	NA
SV2_pop1_H9	maketube	w_duplicated	minimap2	OUTCOME	TOTAL	indel	0	0	0	NA	NA	NA
SV2_pop1_H9	maketube	w_duplicated	minimap2	OUTCOME	TOTAL	other	0	0	0	NA	NA	NA
SV2_pop1_H9	maketube	w_duplicated	minimap2	OUTCOME	TOTAL	unknown	0	0	0	NA	NA	NA
SV3_pop1_H1	maketube	wo_duplicated	nucmer	OUTCOME	TOTAL	snp	653	2	8	0.9878971255673222	0.9969465648854962	0.9924218452264092
SV3_pop1_H1	maketube	wo_duplicated	nucmer	OUTCOME	TOTAL	mnp	0	0	0	NA	NA	NA
SV3_pop1_H1	maketube	wo_duplicated	nucmer	OUTCOME	TOTAL	indel	0	0	0	NA	NA	NA
SV3_pop1_H1	maketube	wo_duplicated	nucmer	OUTCOME	TOTAL	other	0	0	0	NA	NA	NA
SV3_pop1_H1	maketube	wo_duplicated	nucmer	OUTCOME	TOTAL	unknown	0	0	0	NA	NA	NA
SV3_pop1_H1	maketube	wo_duplicated	minimap2	OUTCOME	TOTAL	snp	626	0	35	0.9470499243570348	1.0	0.9735249621785174
SV3_pop1_H1	maketube	wo_duplicated	minimap2	OUTCOME	TOTAL	mnp	0	0	0	NA	NA	NA
SV3_pop1_H1	maketube	wo_duplicated	minimap2	OUTCOME	TOTAL	indel	0	0	0	NA	NA	NA
SV3_pop1_H1	maketube	wo_duplicated	minimap2	OUTCOME	TOTAL	other	0	0	0	NA	NA	NA
SV3_pop1_H1	maketube	wo_duplicated	minimap2	OUTCOME	TOTAL	unknown	0	0	0	NA	NA	NA
SV3_pop1_H1	maketube	w_duplicated	nucmer	OUTCOME	TOTAL	snp	656	2	35	0.9493487698986975	0.9969604863221885	0.9731546281104431
SV3_pop1_H1	maketube	w_duplicated	nucmer	OUTCOME	TOTAL	mnp	0	0	0	NA	NA	NA
SV3_pop1_H1	maketube	w_duplicated	nucmer	OUTCOME	TOTAL	indel	0	0	0	NA	NA	NA
SV3_pop1_H1	maketube	w_duplicated	nucmer	OUTCOME	TOTAL	other	0	0	0	NA	NA	NA
SV3_pop1_H1	maketube	w_duplicated	nucmer	OUTCOME	TOTAL	unknown	0	0	0	NA	NA	NA
SV3_pop1_H1	maketube	w_duplicated	minimap2	OUTCOME	TOTAL	snp	629	0	62	0.91027496382055	1.0	0.9551374819102749
SV3_pop1_H1	maketube	w_duplicated	minimap2	OUTCOME	TOTAL	mnp	0	0	0	NA	NA	NA
SV3_pop1_H1	maketube	w_duplicated	minimap2	OUTCOME	TOTAL	indel	0	0	0	NA	NA	NA
SV3_pop1_H1	maketube	w_duplicated	minimap2	OUTCOME	TOTAL	other	0	0	0	NA	NA	NA
SV3_pop1_H1	maketube	w_duplicated	minimap2	OUTCOME	TOTAL	unknown	0	0	0	NA	NA	NA
SV3_pop1_H10	maketube	wo_duplicated	nucmer	OUTCOME	TOTAL	snp	662	3	9	0.9865871833084948	0.9954887218045113	0.9910379525565031
SV3_pop1_H10	maketube	wo_duplicated	nucmer	OUTCOME	TOTAL	mnp	0	0	0	NA	NA	NA
SV3_pop1_H10	maketube	wo_duplicated	nucmer	OUTCOME	TOTAL	indel	0	0	0	NA	NA	NA
SV3_pop1_H10	maketube	wo_duplicated	nucmer	OUTCOME	TOTAL	other	0	0	0	NA	NA	NA
SV3_pop1_H10	maketube	wo_duplicated	nucmer	OUTCOME	TOTAL	unknown	0	0	0	NA	NA	NA
SV3_pop1_H10	maketube	wo_duplicated	minimap2	OUTCOME	TOTAL	snp	638	1	33	0.9508196721311475	0.9984350547730829	0.9746273634521152
SV3_pop1_H10	maketube	wo_duplicated	minimap2	OUTCOME	TOTAL	mnp	0	0	0	NA	NA	NA
SV3_pop1_H10	maketube	wo_duplicated	minimap2	OUTCOME	TOTAL	indel	0	0	0	NA	NA	NA
SV3_pop1_H10	maketube	wo_duplicated	minimap2	OUTCOME	TOTAL	other	0	0	0	NA	NA	NA
SV3_pop1_H10	maketube	wo_duplicated	minimap2	OUTCOME	TOTAL	unknown	0	0	0	NA	NA	NA
SV3_pop1_H10	maketube	w_duplicated	nucmer	OUTCOME	TOTAL	snp	665	3	31	0.9554597701149425	0.9955089820359282	0.9754843760754354
SV3_pop1_H10	maketube	w_duplicated	nucmer	OUTCOME	TOTAL	mnp	0	0	0	NA	NA	NA
SV3_pop1_H10	maketube	w_duplicated	nucmer	OUTCOME	TOTAL	indel	0	0	0	NA	NA	NA
SV3_pop1_H10	maketube	w_duplicated	nucmer	OUTCOME	TOTAL	other	0	0	0	NA	NA	NA
SV3_pop1_H10	maketube	w_duplicated	nucmer	OUTCOME	TOTAL	unknown	0	0	0	NA	NA	NA
SV3_pop1_H10	maketube	w_duplicated	minimap2	OUTCOME	TOTAL	snp	641	1	55	0.9209770114942529	0.9984423676012462	0.9597096895477495
SV3_pop1_H10	maketube	w_duplicated	minimap2	OUTCOME	TOTAL	mnp	0	0	0	NA	NA	NA
SV3_pop1_H10	maketube	w_duplicated	minimap2	OUTCOME	TOTAL	indel	0	0	0	NA	NA	NA
SV3_pop1_H10	maketube	w_duplicated	minimap2	OUTCOME	TOTAL	other	0	0	0	NA	NA	NA
SV3_pop1_H10	maketube	w_duplicated	minimap2	OUTCOME	TOTAL	unknown	0	0	0	NA	NA	NA
SV3_pop1_H2	maketube	wo_duplicated	nucmer	OUTCOME	TOTAL	snp	649	2	8	0.9878234398782344	0.9969278033794163	0.9923756216288253
SV3_pop1_H2	maketube	wo_duplicated	nucmer	OUTCOME	TOTAL	mnp	0	0	0	NA	NA	NA
SV3_pop1_H2	maketube	wo_duplicated	nucmer	OUTCOME	TOTAL	indel	0	0	0	NA	NA	NA
SV3_pop1_H2	maketube	wo_duplicated	nucmer	OUTCOME	TOTAL	other	0	0	0	NA	NA	NA
SV3_pop1_H2	maketube	wo_duplicated	nucmer	OUTCOME	TOTAL	unknown	0	0	0	NA	NA	NA
SV3_pop1_H2	maketube	wo_duplicated	minimap2	OUTCOME	TOTAL	snp	623	0	34	0.9482496194824962	1.0	0.974124809741248
SV3_pop1_H2	maketube	wo_duplicated	minimap2	OUTCOME	TOTAL	mnp	0	0	0	NA	NA	NA
SV3_pop1_H2	maketube	wo_duplicated	minimap2	OUTCOME	TOTAL	indel	0	0	0	NA	NA	NA
SV3_pop1_H2	maketube	wo_duplicated	minimap2	OUTCOME	TOTAL	other	0	0	0	NA	NA	NA
SV3_pop1_H2	maketube	wo_duplicated	minimap2	OUTCOME	TOTAL	unknown	0	0	0	NA	NA	NA
SV3_pop1_H2	maketube	w_duplicated	nucmer	OUTCOME	TOTAL	snp	652	2	35	0.9490538573508006	0.9969418960244648	0.9729978766876327
SV3_pop1_H2	maketube	w_duplicated	nucmer	OUTCOME	TOTAL	mnp	0	0	0	NA	NA	NA
SV3_pop1_H2	maketube	w_duplicated	nucmer	OUTCOME	TOTAL	indel	0	0	0	NA	NA	NA
SV3_pop1_H2	maketube	w_duplicated	nucmer	OUTCOME	TOTAL	other	0	0	0	NA	NA	NA
SV3_pop1_H2	maketube	w_duplicated	nucmer	OUTCOME	TOTAL	unknown	0	0	0	NA	NA	NA
SV3_pop1_H2	maketube	w_duplicated	minimap2	OUTCOME	TOTAL	snp	626	0	61	0.9112081513828238	1.0	0.9556040756914119
SV3_pop1_H2	maketube	w_duplicated	minimap2	OUTCOME	TOTAL	mnp	0	0	0	NA	NA	NA
SV3_pop1_H2	maketube	w_duplicated	minimap2	OUTCOME	TOTAL	indel	0	0	0	NA	NA	NA
SV3_pop1_H2	maketube	w_duplicated	minimap2	OUTCOME	TOTAL	other	0	0	0	NA	NA	NA
SV3_pop1_H2	maketube	w_duplicated	minimap2	OUTCOME	TOTAL	unknown	0	0	0	NA	NA	NA
SV3_pop1_H3	maketube	wo_duplicated	nucmer	OUTCOME	TOTAL	snp	661	2	9	0.9865671641791045	0.9969834087481146	0.9917752864636096
SV3_pop1_H3	maketube	wo_duplicated	nucmer	OUTCOME	TOTAL	mnp	0	0	0	NA	NA	NA
SV3_pop1_H3	maketube	wo_duplicated	nucmer	OUTCOME	TOTAL	indel	0	0	0	NA	NA	NA
SV3_pop1_H3	maketube	wo_duplicated	nucmer	OUTCOME	TOTAL	other	0	0	0	NA	NA	NA
SV3_pop1_H3	maketube	wo_duplicated	nucmer	OUTCOME	TOTAL	unknown	0	0	0	NA	NA	NA
SV3_pop1_H3	maketube	wo_duplicated	minimap2	OUTCOME	TOTAL	snp	633	0	37	0.9447761194029851	1.0	0.9723880597014926
SV3_pop1_H3	maketube	wo_duplicated	minimap2	OUTCOME	TOTAL	mnp	0	0	0	NA	NA	NA
SV3_pop1_H3	maketube	wo_duplicated	minimap2	OUTCOME	TOTAL	indel	0	0	0	NA	NA	NA
SV3_pop1_H3	maketube	wo_duplicated	minimap2	OUTCOME	TOTAL	other	0	0	0	NA	NA	NA
SV3_pop1_H3	maketube	wo_duplicated	minimap2	OUTCOME	TOTAL	unknown	0	0	0	NA	NA	NA
SV3_pop1_H3	maketube	w_duplicated	nucmer	OUTCOME	TOTAL	snp	664	2	37	0.9472182596291013	0.996996996996997	0.9721076283130492
SV3_pop1_H3	maketube	w_duplicated	nucmer	OUTCOME	TOTAL	mnp	0	0	0	NA	NA	NA
SV3_pop1_H3	maketube	w_duplicated	nucmer	OUTCOME	TOTAL	indel	0	0	0	NA	NA	NA
SV3_pop1_H3	maketube	w_duplicated	nucmer	OUTCOME	TOTAL	other	0	0	0	NA	NA	NA
SV3_pop1_H3	maketube	w_duplicated	nucmer	OUTCOME	TOTAL	unknown	0	0	0	NA	NA	NA
SV3_pop1_H3	maketube	w_duplicated	minimap2	OUTCOME	TOTAL	snp	636	0	65	0.9072753209700428	1.0	0.9536376604850214
SV3_pop1_H3	maketube	w_duplicated	minimap2	OUTCOME	TOTAL	mnp	0	0	0	NA	NA	NA
SV3_pop1_H3	maketube	w_duplicated	minimap2	OUTCOME	TOTAL	indel	0	0	0	NA	NA	NA
SV3_pop1_H3	maketube	w_duplicated	minimap2	OUTCOME	TOTAL	other	0	0	0	NA	NA	NA
SV3_pop1_H3	maketube	w_duplicated	minimap2	OUTCOME	TOTAL	unknown	0	0	0	NA	NA	NA
SV3_pop1_H4	maketube	wo_duplicated	nucmer	OUTCOME	TOTAL	snp	687	2	8	0.9884892086330935	0.9970972423802612	0.9927932255066774
SV3_pop1_H4	maketube	wo_duplicated	nucmer	OUTCOME	TOTAL	mnp	0	0	0	NA	NA	NA
SV3_pop1_H4	maketube	wo_duplicated	nucmer	OUTCOME	TOTAL	indel	0	0	0	NA	NA	NA
SV3_pop1_H4	maketube	wo_duplicated	nucmer	OUTCOME	TOTAL	other	0	0	0	NA	NA	NA
SV3_pop1_H4	maketube	wo_duplicated	nucmer	OUTCOME	TOTAL	unknown	0	0	0	NA	NA	NA
SV3_pop1_H4	maketube	wo_duplicated	minimap2	OUTCOME	TOTAL	snp	663	0	32	0.9539568345323741	1.0	0.9769784172661871
SV3_pop1_H4	maketube	wo_duplicated	minimap2	OUTCOME	TOTAL	mnp	0	0	0	NA	NA	NA
SV3_pop1_H4	maketube	wo_duplicated	minimap2	OUTCOME	TOTAL	indel	0	0	0	NA	NA	NA
SV3_pop1_H4	maketube	wo_duplicated	minimap2	OUTCOME	TOTAL	other	0	0	0	NA	NA	NA
SV3_pop1_H4	maketube	wo_duplicated	minimap2	OUTCOME	TOTAL	unknown	0	0	0	NA	NA	NA
SV3_pop1_H4	maketube	w_duplicated	nucmer	OUTCOME	TOTAL	snp	690	2	33	0.9543568464730291	0.9971098265895953	0.9757333365313122
SV3_pop1_H4	maketube	w_duplicated	nucmer	OUTCOME	TOTAL	mnp	0	0	0	NA	NA	NA
SV3_pop1_H4	maketube	w_duplicated	nucmer	OUTCOME	TOTAL	indel	0	0	0	NA	NA	NA
SV3_pop1_H4	maketube	w_duplicated	nucmer	OUTCOME	TOTAL	other	0	0	0	NA	NA	NA
SV3_pop1_H4	maketube	w_duplicated	nucmer	OUTCOME	TOTAL	unknown	0	0	0	NA	NA	NA
SV3_pop1_H4	maketube	w_duplicated	minimap2	OUTCOME	TOTAL	snp	666	0	57	0.921161825726141	1.0	0.9605809128630705
SV3_pop1_H4	maketube	w_duplicated	minimap2	OUTCOME	TOTAL	mnp	0	0	0	NA	NA	NA
SV3_pop1_H4	maketube	w_duplicated	minimap2	OUTCOME	TOTAL	indel	0	0	0	NA	NA	NA
SV3_pop1_H4	maketube	w_duplicated	minimap2	OUTCOME	TOTAL	other	0	0	0	NA	NA	NA
SV3_pop1_H4	maketube	w_duplicated	minimap2	OUTCOME	TOTAL	unknown	0	0	0	NA	NA	NA
SV3_pop1_H5	maketube	wo_duplicated	nucmer	OUTCOME	TOTAL	snp	674	2	7	0.9897209985315712	0.9970414201183432	0.9933812093249572
SV3_pop1_H5	maketube	wo_duplicated	nucmer	OUTCOME	TOTAL	mnp	0	0	0	NA	NA	NA
SV3_pop1_H5	maketube	wo_duplicated	nucmer	OUTCOME	TOTAL	indel	0	0	0	NA	NA	NA
SV3_pop1_H5	maketube	wo_duplicated	nucmer	OUTCOME	TOTAL	other	0	0	0	NA	NA	NA
SV3_pop1_H5	maketube	wo_duplicated	nucmer	OUTCOME	TOTAL	unknown	0	0	0	NA	NA	NA
SV3_pop1_H5	maketube	wo_duplicated	minimap2	OUTCOME	TOTAL	snp	655	0	26	0.9618208516886931	1.0	0.9809104258443466
SV3_pop1_H5	maketube	wo_duplicated	minimap2	OUTCOME	TOTAL	mnp	0	0	0	NA	NA	NA
SV3_pop1_H5	maketube	wo_duplicated	minimap2	OUTCOME	TOTAL	indel	0	0	0	NA	NA	NA
SV3_pop1_H5	maketube	wo_duplicated	minimap2	OUTCOME	TOTAL	other	0	0	0	NA	NA	NA
SV3_pop1_H5	maketube	wo_duplicated	minimap2	OUTCOME	TOTAL	unknown	0	0	0	NA	NA	NA
SV3_pop1_H5	maketube	w_duplicated	nucmer	OUTCOME	TOTAL	snp	678	2	32	0.9549295774647887	0.9970588235294118	0.9759942004971003
SV3_pop1_H5	maketube	w_duplicated	nucmer	OUTCOME	TOTAL	mnp	0	0	0	NA	NA	NA
SV3_pop1_H5	maketube	w_duplicated	nucmer	OUTCOME	TOTAL	indel	0	0	0	NA	NA	NA
SV3_pop1_H5	maketube	w_duplicated	nucmer	OUTCOME	TOTAL	other	0	0	0	NA	NA	NA
SV3_pop1_H5	maketube	w_duplicated	nucmer	OUTCOME	TOTAL	unknown	0	0	0	NA	NA	NA
SV3_pop1_H5	maketube	w_duplicated	minimap2	OUTCOME	TOTAL	snp	659	0	51	0.928169014084507	1.0	0.9640845070422535
SV3_pop1_H5	maketube	w_duplicated	minimap2	OUTCOME	TOTAL	mnp	0	0	0	NA	NA	NA
SV3_pop1_H5	maketube	w_duplicated	minimap2	OUTCOME	TOTAL	indel	0	0	0	NA	NA	NA
SV3_pop1_H5	maketube	w_duplicated	minimap2	OUTCOME	TOTAL	other	0	0	0	NA	NA	NA
SV3_pop1_H5	maketube	w_duplicated	minimap2	OUTCOME	TOTAL	unknown	0	0	0	NA	NA	NA
SV3_pop1_H6	maketube	wo_duplicated	nucmer	OUTCOME	TOTAL	snp	673	2	7	0.9897058823529412	0.997037037037037	0.9933714596949892
SV3_pop1_H6	maketube	wo_duplicated	nucmer	OUTCOME	TOTAL	mnp	0	0	0	NA	NA	NA
SV3_pop1_H6	maketube	wo_duplicated	nucmer	OUTCOME	TOTAL	indel	0	0	0	NA	NA	NA
SV3_pop1_H6	maketube	wo_duplicated	nucmer	OUTCOME	TOTAL	other	0	0	0	NA	NA	NA
SV3_pop1_H6	maketube	wo_duplicated	nucmer	OUTCOME	TOTAL	unknown	0	0	0	NA	NA	NA
SV3_pop1_H6	maketube	wo_duplicated	minimap2	OUTCOME	TOTAL	snp	655	0	25	0.9632352941176471	1.0	0.9816176470588236
SV3_pop1_H6	maketube	wo_duplicated	minimap2	OUTCOME	TOTAL	mnp	0	0	0	NA	NA	NA
SV3_pop1_H6	maketube	wo_duplicated	minimap2	OUTCOME	TOTAL	indel	0	0	0	NA	NA	NA
SV3_pop1_H6	maketube	wo_duplicated	minimap2	OUTCOME	TOTAL	other	0	0	0	NA	NA	NA
SV3_pop1_H6	maketube	wo_duplicated	minimap2	OUTCOME	TOTAL	unknown	0	0	0	NA	NA	NA
SV3_pop1_H6	maketube	w_duplicated	nucmer	OUTCOME	TOTAL	snp	676	2	37	0.9481065918653576	0.9970501474926253	0.9725783696789915
SV3_pop1_H6	maketube	w_duplicated	nucmer	OUTCOME	TOTAL	mnp	0	0	0	NA	NA	NA
SV3_pop1_H6	maketube	w_duplicated	nucmer	OUTCOME	TOTAL	indel	0	0	0	NA	NA	NA
SV3_pop1_H6	maketube	w_duplicated	nucmer	OUTCOME	TOTAL	other	0	0	0	NA	NA	NA
SV3_pop1_H6	maketube	w_duplicated	nucmer	OUTCOME	TOTAL	unknown	0	0	0	NA	NA	NA
SV3_pop1_H6	maketube	w_duplicated	minimap2	OUTCOME	TOTAL	snp	658	0	55	0.9228611500701263	1.0	0.9614305750350631
SV3_pop1_H6	maketube	w_duplicated	minimap2	OUTCOME	TOTAL	mnp	0	0	0	NA	NA	NA
SV3_pop1_H6	maketube	w_duplicated	minimap2	OUTCOME	TOTAL	indel	0	0	0	NA	NA	NA
SV3_pop1_H6	maketube	w_duplicated	minimap2	OUTCOME	TOTAL	other	0	0	0	NA	NA	NA
SV3_pop1_H6	maketube	w_duplicated	minimap2	OUTCOME	TOTAL	unknown	0	0	0	NA	NA	NA
SV3_pop1_H7	maketube	wo_duplicated	nucmer	OUTCOME	TOTAL	snp	671	2	6	0.9911373707533235	0.9970282317979198	0.9940828012756217
SV3_pop1_H7	maketube	wo_duplicated	nucmer	OUTCOME	TOTAL	mnp	0	0	0	NA	NA	NA
SV3_pop1_H7	maketube	wo_duplicated	nucmer	OUTCOME	TOTAL	indel	0	0	0	NA	NA	NA
SV3_pop1_H7	maketube	wo_duplicated	nucmer	OUTCOME	TOTAL	other	0	0	0	NA	NA	NA
SV3_pop1_H7	maketube	wo_duplicated	nucmer	OUTCOME	TOTAL	unknown	0	0	0	NA	NA	NA
SV3_pop1_H7	maketube	wo_duplicated	minimap2	OUTCOME	TOTAL	snp	653	0	24	0.9645494830132939	1.0	0.982274741506647
SV3_pop1_H7	maketube	wo_duplicated	minimap2	OUTCOME	TOTAL	mnp	0	0	0	NA	NA	NA
SV3_pop1_H7	maketube	wo_duplicated	minimap2	OUTCOME	TOTAL	indel	0	0	0	NA	NA	NA
SV3_pop1_H7	maketube	wo_duplicated	minimap2	OUTCOME	TOTAL	other	0	0	0	NA	NA	NA
SV3_pop1_H7	maketube	wo_duplicated	minimap2	OUTCOME	TOTAL	unknown	0	0	0	NA	NA	NA
SV3_pop1_H7	maketube	w_duplicated	nucmer	OUTCOME	TOTAL	snp	675	2	34	0.9520451339915373	0.9970457902511078	0.9745454621213225
SV3_pop1_H7	maketube	w_duplicated	nucmer	OUTCOME	TOTAL	mnp	0	0	0	NA	NA	NA
SV3_pop1_H7	maketube	w_duplicated	nucmer	OUTCOME	TOTAL	indel	0	0	0	NA	NA	NA
SV3_pop1_H7	maketube	w_duplicated	nucmer	OUTCOME	TOTAL	other	0	0	0	NA	NA	NA
SV3_pop1_H7	maketube	w_duplicated	nucmer	OUTCOME	TOTAL	unknown	0	0	0	NA	NA	NA
SV3_pop1_H7	maketube	w_duplicated	minimap2	OUTCOME	TOTAL	snp	657	0	52	0.926657263751763	1.0	0.9633286318758816
SV3_pop1_H7	maketube	w_duplicated	minimap2	OUTCOME	TOTAL	mnp	0	0	0	NA	NA	NA
SV3_pop1_H7	maketube	w_duplicated	minimap2	OUTCOME	TOTAL	indel	0	0	0	NA	NA	NA
SV3_pop1_H7	maketube	w_duplicated	minimap2	OUTCOME	TOTAL	other	0	0	0	NA	NA	NA
SV3_pop1_H7	maketube	w_duplicated	minimap2	OUTCOME	TOTAL	unknown	0	0	0	NA	NA	NA
SV3_pop1_H8	maketube	wo_duplicated	nucmer	OUTCOME	TOTAL	snp	672	2	6	0.9911504424778761	0.9970326409495549	0.9940915417137155
SV3_pop1_H8	maketube	wo_duplicated	nucmer	OUTCOME	TOTAL	mnp	0	0	0	NA	NA	NA
SV3_pop1_H8	maketube	wo_duplicated	nucmer	OUTCOME	TOTAL	indel	0	0	0	NA	NA	NA
SV3_pop1_H8	maketube	wo_duplicated	nucmer	OUTCOME	TOTAL	other	0	0	0	NA	NA	NA
SV3_pop1_H8	maketube	wo_duplicated	nucmer	OUTCOME	TOTAL	unknown	0	0	0	NA	NA	NA
SV3_pop1_H8	maketube	wo_duplicated	minimap2	OUTCOME	TOTAL	snp	654	0	24	0.9646017699115044	1.0	0.9823008849557522
SV3_pop1_H8	maketube	wo_duplicated	minimap2	OUTCOME	TOTAL	mnp	0	0	0	NA	NA	NA
SV3_pop1_H8	maketube	wo_duplicated	minimap2	OUTCOME	TOTAL	indel	0	0	0	NA	NA	NA
SV3_pop1_H8	maketube	wo_duplicated	minimap2	OUTCOME	TOTAL	other	0	0	0	NA	NA	NA
SV3_pop1_H8	maketube	wo_duplicated	minimap2	OUTCOME	TOTAL	unknown	0	0	0	NA	NA	NA
SV3_pop1_H8	maketube	w_duplicated	nucmer	OUTCOME	TOTAL	snp	676	2	34	0.952112676056338	0.9970501474926253	0.9745814117744817
SV3_pop1_H8	maketube	w_duplicated	nucmer	OUTCOME	TOTAL	mnp	0	0	0	NA	NA	NA
SV3_pop1_H8	maketube	w_duplicated	nucmer	OUTCOME	TOTAL	indel	0	0	0	NA	NA	NA
SV3_pop1_H8	maketube	w_duplicated	nucmer	OUTCOME	TOTAL	other	0	0	0	NA	NA	NA
SV3_pop1_H8	maketube	w_duplicated	nucmer	OUTCOME	TOTAL	unknown	0	0	0	NA	NA	NA
SV3_pop1_H8	maketube	w_duplicated	minimap2	OUTCOME	TOTAL	snp	658	0	52	0.9267605633802817	1.0	0.9633802816901409
SV3_pop1_H8	maketube	w_duplicated	minimap2	OUTCOME	TOTAL	mnp	0	0	0	NA	NA	NA
SV3_pop1_H8	maketube	w_duplicated	minimap2	OUTCOME	TOTAL	indel	0	0	0	NA	NA	NA
SV3_pop1_H8	maketube	w_duplicated	minimap2	OUTCOME	TOTAL	other	0	0	0	NA	NA	NA
SV3_pop1_H8	maketube	w_duplicated	minimap2	OUTCOME	TOTAL	unknown	0	0	0	NA	NA	NA
SV3_pop1_H9	maketube	wo_duplicated	nucmer	OUTCOME	TOTAL	snp	650	3	7	0.989345509893455	0.9954058192955589	0.992375664594507
SV3_pop1_H9	maketube	wo_duplicated	nucmer	OUTCOME	TOTAL	mnp	0	0	0	NA	NA	NA
SV3_pop1_H9	maketube	wo_duplicated	nucmer	OUTCOME	TOTAL	indel	0	0	0	NA	NA	NA
SV3_pop1_H9	maketube	wo_duplicated	nucmer	OUTCOME	TOTAL	other	0	0	0	NA	NA	NA
SV3_pop1_H9	maketube	wo_duplicated	nucmer	OUTCOME	TOTAL	unknown	0	0	0	NA	NA	NA
SV3_pop1_H9	maketube	wo_duplicated	minimap2	OUTCOME	TOTAL	snp	631	1	26	0.9604261796042618	0.9984177215189873	0.9794219505616246
SV3_pop1_H9	maketube	wo_duplicated	minimap2	OUTCOME	TOTAL	mnp	0	0	0	NA	NA	NA
SV3_pop1_H9	maketube	wo_duplicated	minimap2	OUTCOME	TOTAL	indel	0	0	0	NA	NA	NA
SV3_pop1_H9	maketube	wo_duplicated	minimap2	OUTCOME	TOTAL	other	0	0	0	NA	NA	NA
SV3_pop1_H9	maketube	wo_duplicated	minimap2	OUTCOME	TOTAL	unknown	0	0	0	NA	NA	NA
SV3_pop1_H9	maketube	w_duplicated	nucmer	OUTCOME	TOTAL	snp	653	3	30	0.9560761346998536	0.9954268292682927	0.9757514819840731
SV3_pop1_H9	maketube	w_duplicated	nucmer	OUTCOME	TOTAL	mnp	0	0	0	NA	NA	NA
SV3_pop1_H9	maketube	w_duplicated	nucmer	OUTCOME	TOTAL	indel	0	0	0	NA	NA	NA
SV3_pop1_H9	maketube	w_duplicated	nucmer	OUTCOME	TOTAL	other	0	0	0	NA	NA	NA
SV3_pop1_H9	maketube	w_duplicated	nucmer	OUTCOME	TOTAL	unknown	0	0	0	NA	NA	NA
SV3_pop1_H9	maketube	w_duplicated	minimap2	OUTCOME	TOTAL	snp	634	1	49	0.9282576866764275	0.9984251968503937	0.9633414417634105
SV3_pop1_H9	maketube	w_duplicated	minimap2	OUTCOME	TOTAL	mnp	0	0	0	NA	NA	NA
SV3_pop1_H9	maketube	w_duplicated	minimap2	OUTCOME	TOTAL	indel	0	0	0	NA	NA	NA
SV3_pop1_H9	maketube	w_duplicated	minimap2	OUTCOME	TOTAL	other	0	0	0	NA	NA	NA
SV3_pop1_H9	maketube	w_duplicated	minimap2	OUTCOME	TOTAL	unknown	0	0	0	NA	NA	NA
