snpmutator	freebayes	freebayes_raw	dupli	OUTCOME	TOTAL	snp	798	171	2	0.9975	0.8235294117647058	0.910514705882353
snpmutator	samtools	samtools_raw	dupli	OUTCOME	TOTAL	snp	799	4	1	0.99875	0.9950186799501868	0.9968843399750934
snpmutator	freebayes	genotube	dupli	OUTCOME	TOTAL	snp	797	0	3	0.99625	1.0	0.9981249999999999
snpmutator	samtools	MTBseq	dupli	OUTCOME	TOTAL	snp	794	0	6	0.9925	1.0	0.9962500000000001
snpmutator	freebayes	TBprofiler	dupli	OUTCOME	TOTAL	snp	773	0	27	0.96625	1.0	0.983125
snpmutator	freebayes	freebayes_raw	dupli	OUTCOME	TOTAL	snp	797	179	3	0.99625	0.8165983606557377	0.9064241803278688
snpmutator	samtools	samtools_raw	dupli	OUTCOME	TOTAL	snp	797	4	3	0.99625	0.9950062421972534	0.9956281210986266
snpmutator	freebayes	genotube	dupli	OUTCOME	TOTAL	snp	796	0	4	0.995	1.0	0.9975
snpmutator	samtools	MTBseq	dupli	OUTCOME	TOTAL	snp	783	0	17	0.97875	1.0	0.989375
snpmutator	freebayes	TBprofiler	dupli	OUTCOME	TOTAL	snp	777	0	23	0.97125	1.0	0.985625
snpmutator	freebayes	freebayes_raw	dupli	OUTCOME	TOTAL	snp	796	169	4	0.995	0.8248704663212435	0.9099352331606217
snpmutator	samtools	samtools_raw	dupli	OUTCOME	TOTAL	snp	798	10	2	0.9975	0.9876237623762376	0.9925618811881188
snpmutator	freebayes	genotube	dupli	OUTCOME	TOTAL	snp	796	0	4	0.995	1.0	0.9975
snpmutator	samtools	MTBseq	dupli	OUTCOME	TOTAL	snp	790	0	10	0.9875	1.0	0.99375
snpmutator	freebayes	TBprofiler	dupli	OUTCOME	TOTAL	snp	780	0	20	0.975	1.0	0.9875
snpmutator	freebayes	freebayes_raw	dupli	OUTCOME	TOTAL	snp	790	187	10	0.9875	0.8085977482088025	0.8980488741044013
snpmutator	samtools	samtools_raw	dupli	OUTCOME	TOTAL	snp	792	7	8	0.99	0.9912390488110138	0.9906195244055069
snpmutator	freebayes	genotube	dupli	OUTCOME	TOTAL	snp	790	0	10	0.9875	1.0	0.99375
snpmutator	samtools	MTBseq	dupli	OUTCOME	TOTAL	snp	781	0	19	0.97625	1.0	0.9881249999999999
snpmutator	freebayes	TBprofiler	dupli	OUTCOME	TOTAL	snp	763	0	37	0.95375	1.0	0.9768749999999999
snpmutator	freebayes	freebayes_raw	dupli	OUTCOME	TOTAL	snp	797	193	3	0.99625	0.805050505050505	0.9006502525252524
snpmutator	samtools	samtools_raw	dupli	OUTCOME	TOTAL	snp	798	5	2	0.9975	0.9937733499377335	0.9956366749688668
snpmutator	freebayes	genotube	dupli	OUTCOME	TOTAL	snp	797	0	3	0.99625	1.0	0.9981249999999999
snpmutator	samtools	MTBseq	dupli	OUTCOME	TOTAL	snp	785	0	15	0.98125	1.0	0.990625
snpmutator	freebayes	TBprofiler	dupli	OUTCOME	TOTAL	snp	772	0	28	0.965	1.0	0.9824999999999999
snpmutator	freebayes	freebayes_raw	dupli	OUTCOME	TOTAL	snp	793	176	7	0.99125	0.8183694530443757	0.9048097265221878
snpmutator	samtools	samtools_raw	dupli	OUTCOME	TOTAL	snp	793	8	7	0.99125	0.9900124843945068	0.9906312421972534
snpmutator	freebayes	genotube	dupli	OUTCOME	TOTAL	snp	793	0	7	0.99125	1.0	0.995625
snpmutator	samtools	MTBseq	dupli	OUTCOME	TOTAL	snp	783	1	17	0.97875	0.9987244897959183	0.9887372448979592
snpmutator	freebayes	TBprofiler	dupli	OUTCOME	TOTAL	snp	771	0	29	0.96375	1.0	0.981875
snpmutator	freebayes	freebayes_raw	dupli	OUTCOME	TOTAL	snp	796	179	4	0.995	0.8164102564102564	0.9057051282051283
snpmutator	samtools	samtools_raw	dupli	OUTCOME	TOTAL	snp	796	10	4	0.995	0.9875930521091811	0.9912965260545905
snpmutator	freebayes	genotube	dupli	OUTCOME	TOTAL	snp	795	0	5	0.99375	1.0	0.996875
snpmutator	samtools	MTBseq	dupli	OUTCOME	TOTAL	snp	786	1	14	0.9825	0.9987293519695044	0.9906146759847523
snpmutator	freebayes	TBprofiler	dupli	OUTCOME	TOTAL	snp	769	0	31	0.96125	1.0	0.9806250000000001
snpmutator	freebayes	freebayes_raw	dupli	OUTCOME	TOTAL	snp	797	160	3	0.99625	0.832810867293626	0.914530433646813
snpmutator	samtools	samtools_raw	dupli	OUTCOME	TOTAL	snp	797	15	3	0.99625	0.9815270935960592	0.9888885467980295
snpmutator	freebayes	genotube	dupli	OUTCOME	TOTAL	snp	796	0	4	0.995	1.0	0.9975
snpmutator	samtools	MTBseq	dupli	OUTCOME	TOTAL	snp	792	0	8	0.99	1.0	0.995
snpmutator	freebayes	TBprofiler	dupli	OUTCOME	TOTAL	snp	776	0	24	0.97	1.0	0.985
snpmutator	freebayes	freebayes_raw	dupli	OUTCOME	TOTAL	snp	796	178	4	0.995	0.8172484599589322	0.9061242299794661
snpmutator	samtools	samtools_raw	dupli	OUTCOME	TOTAL	snp	796	12	4	0.995	0.9851485148514851	0.9900742574257426
snpmutator	freebayes	genotube	dupli	OUTCOME	TOTAL	snp	796	0	4	0.995	1.0	0.9975
snpmutator	samtools	MTBseq	dupli	OUTCOME	TOTAL	snp	791	1	9	0.98875	0.9987373737373737	0.9937436868686869
snpmutator	freebayes	TBprofiler	dupli	OUTCOME	TOTAL	snp	775	0	25	0.96875	1.0	0.984375
snpmutator	freebayes	freebayes_raw	dupli	OUTCOME	TOTAL	snp	798	188	2	0.9975	0.8093306288032455	0.9034153144016228
snpmutator	samtools	samtools_raw	dupli	OUTCOME	TOTAL	snp	799	5	1	0.99875	0.9937810945273632	0.9962655472636817
snpmutator	freebayes	genotube	dupli	OUTCOME	TOTAL	snp	798	0	2	0.9975	1.0	0.99875
snpmutator	samtools	MTBseq	dupli	OUTCOME	TOTAL	snp	795	1	5	0.99375	0.9987437185929648	0.9962468592964824
snpmutator	freebayes	TBprofiler	dupli	OUTCOME	TOTAL	snp	783	0	17	0.97875	1.0	0.989375
snpmutator	freebayes	freebayes_raw	dupli	OUTCOME	TOTAL	snp	797	172	3	0.99625	0.8224974200206399	0.9093737100103199
snpmutator	samtools	samtools_raw	dupli	OUTCOME	TOTAL	snp	797	11	3	0.99625	0.9863861386138614	0.9913180693069307
snpmutator	freebayes	genotube	dupli	OUTCOME	TOTAL	snp	797	0	3	0.99625	1.0	0.9981249999999999
snpmutator	samtools	MTBseq	dupli	OUTCOME	TOTAL	snp	793	0	7	0.99125	1.0	0.995625
snpmutator	freebayes	TBprofiler	dupli	OUTCOME	TOTAL	snp	780	0	20	0.975	1.0	0.9875
snpmutator	freebayes	freebayes_raw	dupli	OUTCOME	TOTAL	snp	796	183	4	0.995	0.8130745658835546	0.9040372829417773
snpmutator	samtools	samtools_raw	dupli	OUTCOME	TOTAL	snp	797	5	3	0.99625	0.9937655860349127	0.9950077930174563
snpmutator	freebayes	genotube	dupli	OUTCOME	TOTAL	snp	796	0	4	0.995	1.0	0.9975
snpmutator	samtools	MTBseq	dupli	OUTCOME	TOTAL	snp	787	0	13	0.98375	1.0	0.9918750000000001
snpmutator	freebayes	TBprofiler	dupli	OUTCOME	TOTAL	snp	779	0	21	0.97375	1.0	0.986875
snpmutator	freebayes	freebayes_raw	dupli	OUTCOME	TOTAL	snp	797	184	3	0.99625	0.8124362895005097	0.9043431447502548
snpmutator	samtools	samtools_raw	dupli	OUTCOME	TOTAL	snp	798	10	2	0.9975	0.9876237623762376	0.9925618811881188
snpmutator	freebayes	genotube	dupli	OUTCOME	TOTAL	snp	797	0	3	0.99625	1.0	0.9981249999999999
snpmutator	samtools	MTBseq	dupli	OUTCOME	TOTAL	snp	791	0	9	0.98875	1.0	0.994375
snpmutator	freebayes	TBprofiler	dupli	OUTCOME	TOTAL	snp	778	0	22	0.9725	1.0	0.9862500000000001
snpmutator	freebayes	freebayes_raw	dupli	OUTCOME	TOTAL	snp	794	172	6	0.9925	0.8219461697722568	0.9072230848861285
snpmutator	samtools	samtools_raw	dupli	OUTCOME	TOTAL	snp	796	9	4	0.995	0.9888198757763975	0.9919099378881988
snpmutator	freebayes	genotube	dupli	OUTCOME	TOTAL	snp	794	0	6	0.9925	1.0	0.9962500000000001
snpmutator	samtools	MTBseq	dupli	OUTCOME	TOTAL	snp	790	0	10	0.9875	1.0	0.99375
snpmutator	freebayes	TBprofiler	dupli	OUTCOME	TOTAL	snp	768	0	32	0.96	1.0	0.98
snpmutator	freebayes	freebayes_raw	dupli	OUTCOME	TOTAL	snp	796	199	4	0.995	0.8	0.8975
snpmutator	samtools	samtools_raw	dupli	OUTCOME	TOTAL	snp	797	15	3	0.99625	0.9815270935960592	0.9888885467980295
snpmutator	freebayes	genotube	dupli	OUTCOME	TOTAL	snp	793	0	7	0.99125	1.0	0.995625
snpmutator	samtools	MTBseq	dupli	OUTCOME	TOTAL	snp	787	1	13	0.98375	0.998730964467005	0.9912404822335026
snpmutator	freebayes	TBprofiler	dupli	OUTCOME	TOTAL	snp	773	0	27	0.96625	1.0	0.983125
snpmutator	freebayes	freebayes_raw	dupli	OUTCOME	TOTAL	snp	797	175	3	0.99625	0.8199588477366255	0.9081044238683127
snpmutator	samtools	samtools_raw	dupli	OUTCOME	TOTAL	snp	797	8	3	0.99625	0.9900621118012423	0.9931560559006212
snpmutator	freebayes	genotube	dupli	OUTCOME	TOTAL	snp	797	0	3	0.99625	1.0	0.9981249999999999
snpmutator	samtools	MTBseq	dupli	OUTCOME	TOTAL	snp	793	0	7	0.99125	1.0	0.995625
snpmutator	freebayes	TBprofiler	dupli	OUTCOME	TOTAL	snp	774	0	26	0.9675	1.0	0.98375
snpmutator	freebayes	freebayes_raw	dupli	OUTCOME	TOTAL	snp	797	191	3	0.99625	0.8066801619433198	0.9014650809716599
snpmutator	samtools	samtools_raw	dupli	OUTCOME	TOTAL	snp	797	11	3	0.99625	0.9863861386138614	0.9913180693069307
snpmutator	freebayes	genotube	dupli	OUTCOME	TOTAL	snp	797	0	3	0.99625	1.0	0.9981249999999999
snpmutator	samtools	MTBseq	dupli	OUTCOME	TOTAL	snp	790	1	10	0.9875	0.9987357774968394	0.9931178887484198
snpmutator	freebayes	TBprofiler	dupli	OUTCOME	TOTAL	snp	779	0	21	0.97375	1.0	0.986875
snpmutator	freebayes	freebayes_raw	dupli	OUTCOME	TOTAL	snp	795	159	5	0.99375	0.8333333333333334	0.9135416666666667
snpmutator	samtools	samtools_raw	dupli	OUTCOME	TOTAL	snp	797	9	3	0.99625	0.988833746898263	0.9925418734491315
snpmutator	freebayes	genotube	dupli	OUTCOME	TOTAL	snp	795	0	5	0.99375	1.0	0.996875
snpmutator	samtools	MTBseq	dupli	OUTCOME	TOTAL	snp	793	0	7	0.99125	1.0	0.995625
snpmutator	freebayes	TBprofiler	dupli	OUTCOME	TOTAL	snp	773	0	27	0.96625	1.0	0.983125
snpmutator	freebayes	freebayes_raw	dupli	OUTCOME	TOTAL	snp	795	180	5	0.99375	0.8153846153846154	0.9045673076923078
snpmutator	samtools	samtools_raw	dupli	OUTCOME	TOTAL	snp	796	7	4	0.995	0.9912826899128269	0.9931413449564135
snpmutator	freebayes	genotube	dupli	OUTCOME	TOTAL	snp	795	0	5	0.99375	1.0	0.996875
snpmutator	samtools	MTBseq	dupli	OUTCOME	TOTAL	snp	785	0	15	0.98125	1.0	0.990625
snpmutator	freebayes	TBprofiler	dupli	OUTCOME	TOTAL	snp	766	0	34	0.9575	1.0	0.97875
snpmutator	freebayes	freebayes_raw	dupli	OUTCOME	TOTAL	snp	794	185	6	0.9925	0.8110316649642493	0.9017658324821247
snpmutator	samtools	samtools_raw	dupli	OUTCOME	TOTAL	snp	795	7	5	0.99375	0.9912718204488778	0.9925109102244389
snpmutator	freebayes	genotube	dupli	OUTCOME	TOTAL	snp	793	0	7	0.99125	1.0	0.995625
snpmutator	samtools	MTBseq	dupli	OUTCOME	TOTAL	snp	790	0	10	0.9875	1.0	0.99375
snpmutator	freebayes	TBprofiler	dupli	OUTCOME	TOTAL	snp	771	0	29	0.96375	1.0	0.981875
snpmutator	freebayes	freebayes_raw	dupli	OUTCOME	TOTAL	snp	797	168	3	0.99625	0.8259067357512954	0.9110783678756477
snpmutator	samtools	samtools_raw	dupli	OUTCOME	TOTAL	snp	798	8	2	0.9975	0.9900744416873449	0.9937872208436724
snpmutator	freebayes	genotube	dupli	OUTCOME	TOTAL	snp	796	0	4	0.995	1.0	0.9975
snpmutator	samtools	MTBseq	dupli	OUTCOME	TOTAL	snp	790	0	10	0.9875	1.0	0.99375
snpmutator	freebayes	TBprofiler	dupli	OUTCOME	TOTAL	snp	779	0	21	0.97375	1.0	0.986875
snpmutator	freebayes	freebayes_raw	dupli	OUTCOME	TOTAL	snp	797	198	3	0.99625	0.8010050251256281	0.898627512562814
snpmutator	samtools	samtools_raw	dupli	OUTCOME	TOTAL	snp	798	9	2	0.9975	0.9888475836431226	0.9931737918215613
snpmutator	freebayes	genotube	dupli	OUTCOME	TOTAL	snp	797	5	3	0.99625	0.9937655860349127	0.9950077930174563
snpmutator	samtools	MTBseq	dupli	OUTCOME	TOTAL	snp	794	1	6	0.9925	0.9987421383647799	0.9956210691823899
snpmutator	freebayes	TBprofiler	dupli	OUTCOME	TOTAL	snp	774	5	26	0.9675	0.993581514762516	0.980540757381258
snpmutator	freebayes	freebayes_raw	dupli	OUTCOME	TOTAL	snp	798	177	2	0.9975	0.8184615384615385	0.9079807692307693
snpmutator	samtools	samtools_raw	dupli	OUTCOME	TOTAL	snp	798	11	2	0.9975	0.9864029666254636	0.9919514833127319
snpmutator	freebayes	genotube	dupli	OUTCOME	TOTAL	snp	797	0	3	0.99625	1.0	0.9981249999999999
snpmutator	samtools	MTBseq	dupli	OUTCOME	TOTAL	snp	791	1	9	0.98875	0.9987373737373737	0.9937436868686869
snpmutator	freebayes	TBprofiler	dupli	OUTCOME	TOTAL	snp	777	0	23	0.97125	1.0	0.985625
snpmutator	freebayes	freebayes_raw	dupli	OUTCOME	TOTAL	snp	795	201	5	0.99375	0.7981927710843374	0.8959713855421687
snpmutator	samtools	samtools_raw	dupli	OUTCOME	TOTAL	snp	795	13	5	0.99375	0.9839108910891089	0.9888304455445545
snpmutator	freebayes	genotube	dupli	OUTCOME	TOTAL	snp	795	0	5	0.99375	1.0	0.996875
snpmutator	samtools	MTBseq	dupli	OUTCOME	TOTAL	snp	790	0	10	0.9875	1.0	0.99375
snpmutator	freebayes	TBprofiler	dupli	OUTCOME	TOTAL	snp	774	0	26	0.9675	1.0	0.98375
snpmutator	freebayes	freebayes_raw	dupli	OUTCOME	TOTAL	snp	795	168	5	0.99375	0.8255451713395638	0.9096475856697819
snpmutator	samtools	samtools_raw	dupli	OUTCOME	TOTAL	snp	796	11	4	0.995	0.9863692688971499	0.9906846344485749
snpmutator	freebayes	genotube	dupli	OUTCOME	TOTAL	snp	794	0	6	0.9925	1.0	0.9962500000000001
snpmutator	samtools	MTBseq	dupli	OUTCOME	TOTAL	snp	784	0	16	0.98	1.0	0.99
snpmutator	freebayes	TBprofiler	dupli	OUTCOME	TOTAL	snp	773	0	27	0.96625	1.0	0.983125
snpmutator	freebayes	freebayes_raw	dupli	OUTCOME	TOTAL	snp	797	204	3	0.99625	0.7962037962037962	0.8962268981018982
snpmutator	samtools	samtools_raw	dupli	OUTCOME	TOTAL	snp	797	12	3	0.99625	0.9851668726823238	0.9907084363411619
snpmutator	freebayes	genotube	dupli	OUTCOME	TOTAL	snp	797	0	3	0.99625	1.0	0.9981249999999999
snpmutator	samtools	MTBseq	dupli	OUTCOME	TOTAL	snp	793	1	7	0.99125	0.9987405541561712	0.9949952770780857
snpmutator	freebayes	TBprofiler	dupli	OUTCOME	TOTAL	snp	782	0	18	0.9775	1.0	0.98875
snpmutator	freebayes	freebayes_raw	dupli	OUTCOME	TOTAL	snp	797	170	3	0.99625	0.8241985522233712	0.9102242761116857
snpmutator	samtools	samtools_raw	dupli	OUTCOME	TOTAL	snp	798	9	2	0.9975	0.9888475836431226	0.9931737918215613
snpmutator	freebayes	genotube	dupli	OUTCOME	TOTAL	snp	797	0	3	0.99625	1.0	0.9981249999999999
snpmutator	samtools	MTBseq	dupli	OUTCOME	TOTAL	snp	789	0	11	0.98625	1.0	0.993125
snpmutator	freebayes	TBprofiler	dupli	OUTCOME	TOTAL	snp	773	0	27	0.96625	1.0	0.983125
snpmutator	freebayes	freebayes_raw	dupli	OUTCOME	TOTAL	snp	798	167	2	0.9975	0.8269430051813471	0.9122215025906736
snpmutator	samtools	samtools_raw	dupli	OUTCOME	TOTAL	snp	798	14	2	0.9975	0.9827586206896551	0.9901293103448277
snpmutator	freebayes	genotube	dupli	OUTCOME	TOTAL	snp	797	0	3	0.99625	1.0	0.9981249999999999
snpmutator	samtools	MTBseq	dupli	OUTCOME	TOTAL	snp	786	0	14	0.9825	1.0	0.99125
snpmutator	freebayes	TBprofiler	dupli	OUTCOME	TOTAL	snp	773	0	27	0.96625	1.0	0.983125
snpmutator	freebayes	freebayes_raw	dupli	OUTCOME	TOTAL	snp	798	175	2	0.9975	0.8201438848920863	0.9088219424460432
snpmutator	samtools	samtools_raw	dupli	OUTCOME	TOTAL	snp	798	8	2	0.9975	0.9900744416873449	0.9937872208436724
snpmutator	freebayes	genotube	dupli	OUTCOME	TOTAL	snp	798	0	2	0.9975	1.0	0.99875
snpmutator	samtools	MTBseq	dupli	OUTCOME	TOTAL	snp	789	0	11	0.98625	1.0	0.993125
snpmutator	freebayes	TBprofiler	dupli	OUTCOME	TOTAL	snp	781	0	19	0.97625	1.0	0.9881249999999999
snpmutator	freebayes	freebayes_raw	dupli	OUTCOME	TOTAL	snp	798	195	2	0.9975	0.8036253776435045	0.9005626888217523
snpmutator	samtools	samtools_raw	dupli	OUTCOME	TOTAL	snp	798	8	2	0.9975	0.9900744416873449	0.9937872208436724
snpmutator	freebayes	genotube	dupli	OUTCOME	TOTAL	snp	798	0	2	0.9975	1.0	0.99875
snpmutator	samtools	MTBseq	dupli	OUTCOME	TOTAL	snp	791	0	9	0.98875	1.0	0.994375
snpmutator	freebayes	TBprofiler	dupli	OUTCOME	TOTAL	snp	773	0	27	0.96625	1.0	0.983125
maketube	freebayes	freebayes_raw	dupli	OUTCOME	TOTAL	snp	418	278	20	0.954337899543379	0.6005747126436781	0.7774563060935286
maketube	samtools	samtools_raw	dupli	OUTCOME	TOTAL	snp	418	27	20	0.954337899543379	0.9393258426966292	0.9468318711200041
maketube	freebayes	genotube	dupli	OUTCOME	TOTAL	snp	407	3	31	0.9292237442922374	0.9926829268292683	0.9609533355607529
maketube	samtools	MTBseq	dupli	OUTCOME	TOTAL	snp	407	4	31	0.9292237442922374	0.9902676399026764	0.959745692097457
maketube	freebayes	TBprofiler	dupli	OUTCOME	TOTAL	snp	400	3	38	0.91324200913242	0.9925558312655087	0.9528989201989644
maketube	freebayes	freebayes_raw	wo_dupli	OUTCOME	TOTAL	snp	406	180	20	0.9530516431924883	0.6928327645051194	0.8229422038488039
maketube	samtools	samtools_raw	wo_dupli	OUTCOME	TOTAL	snp	406	13	20	0.9530516431924883	0.9689737470167065	0.9610126951045974
maketube	freebayes	genotube	wo_dupli	OUTCOME	TOTAL	snp	406	0	20	0.9530516431924883	1.0	0.9765258215962441
maketube	samtools	MTBseq	wo_dupli	OUTCOME	TOTAL	snp	406	1	20	0.9530516431924883	0.9975429975429976	0.9752973203677429
maketube	freebayes	TBprofiler	wo_dupli	OUTCOME	TOTAL	snp	399	0	27	0.9366197183098591	1.0	0.9683098591549295
maketube	freebayes	freebayes_raw	dupli	OUTCOME	TOTAL	snp	385	268	19	0.9529702970297029	0.5895865237366003	0.7712784103831516
maketube	samtools	samtools_raw	dupli	OUTCOME	TOTAL	snp	385	33	19	0.9529702970297029	0.9210526315789473	0.9370114643043251
maketube	freebayes	genotube	dupli	OUTCOME	TOTAL	snp	375	0	29	0.9282178217821783	1.0	0.9641089108910892
maketube	samtools	MTBseq	dupli	OUTCOME	TOTAL	snp	373	1	31	0.9232673267326733	0.9973262032085561	0.9602967649706147
maketube	freebayes	TBprofiler	dupli	OUTCOME	TOTAL	snp	365	0	39	0.9034653465346535	1.0	0.9517326732673268
maketube	freebayes	freebayes_raw	wo_dupli	OUTCOME	TOTAL	snp	375	169	19	0.9517766497461929	0.6893382352941176	0.8205574425201553
maketube	samtools	samtools_raw	wo_dupli	OUTCOME	TOTAL	snp	375	16	19	0.9517766497461929	0.959079283887468	0.9554279668168304
maketube	freebayes	genotube	wo_dupli	OUTCOME	TOTAL	snp	375	0	19	0.9517766497461929	1.0	0.9758883248730965
maketube	samtools	MTBseq	wo_dupli	OUTCOME	TOTAL	snp	373	1	21	0.9467005076142132	0.9973262032085561	0.9720133554113847
maketube	freebayes	TBprofiler	wo_dupli	OUTCOME	TOTAL	snp	365	0	29	0.9263959390862944	1.0	0.9631979695431472
maketube	freebayes	freebayes_raw	dupli	OUTCOME	TOTAL	snp	424	264	23	0.9485458612975392	0.6162790697674418	0.7824124655324904
maketube	samtools	samtools_raw	dupli	OUTCOME	TOTAL	snp	425	27	22	0.9507829977628636	0.9402654867256637	0.9455242422442636
maketube	freebayes	genotube	dupli	OUTCOME	TOTAL	snp	407	1	40	0.9105145413870246	0.9975490196078431	0.9540317804974339
maketube	samtools	MTBseq	dupli	OUTCOME	TOTAL	snp	404	2	43	0.9038031319910514	0.9950738916256158	0.9494385118083336
maketube	freebayes	TBprofiler	dupli	OUTCOME	TOTAL	snp	398	1	49	0.8903803131991052	0.9974937343358395	0.9439370237674723
maketube	freebayes	freebayes_raw	wo_dupli	OUTCOME	TOTAL	snp	407	167	23	0.9465116279069767	0.7090592334494773	0.8277854306782271
maketube	samtools	samtools_raw	wo_dupli	OUTCOME	TOTAL	snp	408	14	22	0.9488372093023256	0.966824644549763	0.9578309269260443
maketube	freebayes	genotube	wo_dupli	OUTCOME	TOTAL	snp	407	0	23	0.9465116279069767	1.0	0.9732558139534884
maketube	samtools	MTBseq	wo_dupli	OUTCOME	TOTAL	snp	404	1	26	0.9395348837209302	0.9975308641975309	0.9685328739592305
maketube	freebayes	TBprofiler	wo_dupli	OUTCOME	TOTAL	snp	398	0	32	0.9255813953488372	1.0	0.9627906976744186
maketube	freebayes	freebayes_raw	dupli	OUTCOME	TOTAL	snp	416	279	25	0.9433106575963719	0.5985611510791367	0.7709359043377543
maketube	samtools	samtools_raw	dupli	OUTCOME	TOTAL	snp	416	32	25	0.9433106575963719	0.9285714285714286	0.9359410430839002
maketube	freebayes	genotube	dupli	OUTCOME	TOTAL	snp	398	1	43	0.9024943310657596	0.9974937343358395	0.9499940327007996
maketube	samtools	MTBseq	dupli	OUTCOME	TOTAL	snp	398	2	43	0.9024943310657596	0.995	0.9487471655328799
maketube	freebayes	TBprofiler	dupli	OUTCOME	TOTAL	snp	389	1	52	0.8820861678004536	0.9974358974358974	0.9397610326181756
maketube	freebayes	freebayes_raw	wo_dupli	OUTCOME	TOTAL	snp	399	167	25	0.9410377358490566	0.7049469964664311	0.8229923661577438
maketube	samtools	samtools_raw	wo_dupli	OUTCOME	TOTAL	snp	399	15	25	0.9410377358490566	0.9637681159420289	0.9524029258955428
maketube	freebayes	genotube	wo_dupli	OUTCOME	TOTAL	snp	398	0	26	0.9386792452830188	1.0	0.9693396226415094
maketube	samtools	MTBseq	wo_dupli	OUTCOME	TOTAL	snp	398	1	26	0.9386792452830188	0.9974937343358395	0.9680864898094292
maketube	freebayes	TBprofiler	wo_dupli	OUTCOME	TOTAL	snp	389	0	35	0.9174528301886793	1.0	0.9587264150943396
maketube	freebayes	freebayes_raw	dupli	OUTCOME	TOTAL	snp	411	327	21	0.9513888888888888	0.556910569105691	0.7541497289972899
maketube	samtools	samtools_raw	dupli	OUTCOME	TOTAL	snp	411	27	21	0.9513888888888888	0.9383561643835616	0.9448725266362252
maketube	freebayes	genotube	dupli	OUTCOME	TOTAL	snp	396	1	36	0.9166666666666666	0.9974811083123426	0.9570738874895046
maketube	samtools	MTBseq	dupli	OUTCOME	TOTAL	snp	395	6	37	0.9143518518518519	0.9850374064837906	0.9496946291678212
maketube	freebayes	TBprofiler	dupli	OUTCOME	TOTAL	snp	390	1	42	0.9027777777777778	0.9974424552429667	0.9501101165103722
maketube	freebayes	freebayes_raw	wo_dupli	OUTCOME	TOTAL	snp	397	201	21	0.9497607655502392	0.6638795986622074	0.8068201821062233
maketube	samtools	samtools_raw	wo_dupli	OUTCOME	TOTAL	snp	397	13	21	0.9497607655502392	0.9682926829268292	0.9590267242385342
maketube	freebayes	genotube	wo_dupli	OUTCOME	TOTAL	snp	396	0	22	0.9473684210526315	1.0	0.9736842105263157
maketube	samtools	MTBseq	wo_dupli	OUTCOME	TOTAL	snp	395	5	23	0.9449760765550239	0.9875	0.966238038277512
maketube	freebayes	TBprofiler	wo_dupli	OUTCOME	TOTAL	snp	390	0	28	0.9330143540669856	1.0	0.9665071770334928
maketube	freebayes	freebayes_raw	dupli	OUTCOME	TOTAL	snp	408	262	19	0.955503512880562	0.608955223880597	0.7822293683805794
maketube	samtools	samtools_raw	dupli	OUTCOME	TOTAL	snp	408	27	19	0.955503512880562	0.9379310344827586	0.9467172736816603
maketube	freebayes	genotube	dupli	OUTCOME	TOTAL	snp	388	0	39	0.9086651053864169	1.0	0.9543325526932085
maketube	samtools	MTBseq	dupli	OUTCOME	TOTAL	snp	382	3	45	0.8946135831381733	0.9922077922077922	0.9434106876729828
maketube	freebayes	TBprofiler	dupli	OUTCOME	TOTAL	snp	373	0	54	0.8735362997658079	1.0	0.9367681498829039
maketube	freebayes	freebayes_raw	wo_dupli	OUTCOME	TOTAL	snp	388	156	19	0.9533169533169533	0.7132352941176471	0.8332761237173002
maketube	samtools	samtools_raw	wo_dupli	OUTCOME	TOTAL	snp	388	17	19	0.9533169533169533	0.9580246913580247	0.955670822337489
maketube	freebayes	genotube	wo_dupli	OUTCOME	TOTAL	snp	388	0	19	0.9533169533169533	1.0	0.9766584766584767
maketube	samtools	MTBseq	wo_dupli	OUTCOME	TOTAL	snp	382	3	25	0.9385749385749386	0.9922077922077922	0.9653913653913654
maketube	freebayes	TBprofiler	wo_dupli	OUTCOME	TOTAL	snp	373	0	34	0.9164619164619164	1.0	0.9582309582309583
maketube	freebayes	freebayes_raw	dupli	OUTCOME	TOTAL	snp	408	251	19	0.955503512880562	0.6191198786039454	0.7873116957422537
maketube	samtools	samtools_raw	dupli	OUTCOME	TOTAL	snp	409	31	18	0.9578454332552693	0.9295454545454546	0.943695443900362
maketube	freebayes	genotube	dupli	OUTCOME	TOTAL	snp	387	0	40	0.9063231850117096	1.0	0.9531615925058547
maketube	samtools	MTBseq	dupli	OUTCOME	TOTAL	snp	384	2	43	0.8992974238875878	0.9948186528497409	0.9470580383686644
maketube	freebayes	TBprofiler	dupli	OUTCOME	TOTAL	snp	377	0	50	0.882903981264637	1.0	0.9414519906323184
maketube	freebayes	freebayes_raw	wo_dupli	OUTCOME	TOTAL	snp	387	169	19	0.9532019704433498	0.6960431654676259	0.8246225679554878
maketube	samtools	samtools_raw	wo_dupli	OUTCOME	TOTAL	snp	388	22	18	0.9556650246305419	0.9463414634146341	0.951003244022588
maketube	freebayes	genotube	wo_dupli	OUTCOME	TOTAL	snp	387	0	19	0.9532019704433498	1.0	0.9766009852216748
maketube	samtools	MTBseq	wo_dupli	OUTCOME	TOTAL	snp	384	2	22	0.9458128078817734	0.9948186528497409	0.9703157303657571
maketube	freebayes	TBprofiler	wo_dupli	OUTCOME	TOTAL	snp	377	0	29	0.9285714285714286	1.0	0.9642857142857143
maketube	freebayes	freebayes_raw	dupli	OUTCOME	TOTAL	snp	401	305	22	0.9479905437352246	0.5679886685552408	0.7579896061452327
maketube	samtools	samtools_raw	dupli	OUTCOME	TOTAL	snp	401	35	22	0.9479905437352246	0.9197247706422018	0.9338576571887132
maketube	freebayes	genotube	dupli	OUTCOME	TOTAL	snp	393	1	30	0.9290780141843972	0.9974619289340102	0.9632699715592037
maketube	samtools	MTBseq	dupli	OUTCOME	TOTAL	snp	393	3	30	0.9290780141843972	0.9924242424242424	0.9607511283043197
maketube	freebayes	TBprofiler	dupli	OUTCOME	TOTAL	snp	387	1	36	0.9148936170212766	0.9974226804123711	0.9561581487168238
maketube	freebayes	freebayes_raw	wo_dupli	OUTCOME	TOTAL	snp	393	192	22	0.946987951807229	0.6717948717948717	0.8093914118010503
maketube	samtools	samtools_raw	wo_dupli	OUTCOME	TOTAL	snp	393	15	22	0.946987951807229	0.9632352941176471	0.955111622962438
maketube	freebayes	genotube	wo_dupli	OUTCOME	TOTAL	snp	393	0	22	0.946987951807229	1.0	0.9734939759036145
maketube	samtools	MTBseq	wo_dupli	OUTCOME	TOTAL	snp	393	2	22	0.946987951807229	0.9949367088607595	0.9709623303339943
maketube	freebayes	TBprofiler	wo_dupli	OUTCOME	TOTAL	snp	387	0	28	0.9325301204819277	1.0	0.9662650602409639
maketube	freebayes	freebayes_raw	dupli	OUTCOME	TOTAL	snp	411	298	19	0.9558139534883721	0.5796897038081805	0.7677518286482763
maketube	samtools	samtools_raw	dupli	OUTCOME	TOTAL	snp	411	39	19	0.9558139534883721	0.9133333333333333	0.9345736434108527
maketube	freebayes	genotube	dupli	OUTCOME	TOTAL	snp	397	0	33	0.9232558139534883	1.0	0.9616279069767442
maketube	samtools	MTBseq	dupli	OUTCOME	TOTAL	snp	396	2	34	0.9209302325581395	0.9949748743718593	0.9579525534649994
maketube	freebayes	TBprofiler	dupli	OUTCOME	TOTAL	snp	389	0	41	0.9046511627906977	1.0	0.9523255813953488
maketube	freebayes	freebayes_raw	wo_dupli	OUTCOME	TOTAL	snp	398	197	19	0.9544364508393285	0.66890756302521	0.8116720069322693
maketube	samtools	samtools_raw	wo_dupli	OUTCOME	TOTAL	snp	398	21	19	0.9544364508393285	0.9498806682577565	0.9521585595485424
maketube	freebayes	genotube	wo_dupli	OUTCOME	TOTAL	snp	397	0	20	0.9520383693045563	1.0	0.9760191846522781
maketube	samtools	MTBseq	wo_dupli	OUTCOME	TOTAL	snp	396	2	21	0.9496402877697842	0.9949748743718593	0.9723075810708217
maketube	freebayes	TBprofiler	wo_dupli	OUTCOME	TOTAL	snp	389	0	28	0.9328537170263789	1.0	0.9664268585131894
maketube	freebayes	freebayes_raw	dupli	OUTCOME	TOTAL	snp	396	272	20	0.9519230769230769	0.592814371257485	0.772368724090281
maketube	samtools	samtools_raw	dupli	OUTCOME	TOTAL	snp	397	34	19	0.9543269230769231	0.9211136890951276	0.9377203060860253
maketube	freebayes	genotube	dupli	OUTCOME	TOTAL	snp	382	0	34	0.9182692307692307	1.0	0.9591346153846154
maketube	samtools	MTBseq	dupli	OUTCOME	TOTAL	snp	380	2	36	0.9134615384615384	0.9947643979057592	0.9541129681836489
maketube	freebayes	TBprofiler	dupli	OUTCOME	TOTAL	snp	373	0	43	0.8966346153846154	1.0	0.9483173076923077
maketube	freebayes	freebayes_raw	wo_dupli	OUTCOME	TOTAL	snp	382	169	20	0.9502487562189055	0.6932849364791288	0.8217668463490171
maketube	samtools	samtools_raw	wo_dupli	OUTCOME	TOTAL	snp	383	16	19	0.9527363184079602	0.9598997493734336	0.9563180338906969
maketube	freebayes	genotube	wo_dupli	OUTCOME	TOTAL	snp	382	0	20	0.9502487562189055	1.0	0.9751243781094527
maketube	samtools	MTBseq	wo_dupli	OUTCOME	TOTAL	snp	380	2	22	0.945273631840796	0.9947643979057592	0.9700190148732777
maketube	freebayes	TBprofiler	wo_dupli	OUTCOME	TOTAL	snp	373	0	29	0.927860696517413	1.0	0.9639303482587065
maketube	freebayes	freebayes_raw	dupli	OUTCOME	TOTAL	snp	383	309	15	0.9623115577889447	0.5534682080924855	0.7578898829407151
maketube	samtools	samtools_raw	dupli	OUTCOME	TOTAL	snp	383	29	15	0.9623115577889447	0.9296116504854369	0.9459616041371908
maketube	freebayes	genotube	dupli	OUTCOME	TOTAL	snp	367	0	31	0.9221105527638191	1.0	0.9610552763819096
maketube	samtools	MTBseq	dupli	OUTCOME	TOTAL	snp	367	0	31	0.9221105527638191	1.0	0.9610552763819096
maketube	freebayes	TBprofiler	dupli	OUTCOME	TOTAL	snp	358	0	40	0.8994974874371859	1.0	0.949748743718593
maketube	freebayes	freebayes_raw	wo_dupli	OUTCOME	TOTAL	snp	367	193	15	0.9607329842931938	0.6553571428571429	0.8080450635751684
maketube	samtools	samtools_raw	wo_dupli	OUTCOME	TOTAL	snp	367	16	15	0.9607329842931938	0.95822454308094	0.9594787636870669
maketube	freebayes	genotube	wo_dupli	OUTCOME	TOTAL	snp	367	0	15	0.9607329842931938	1.0	0.9803664921465969
maketube	samtools	MTBseq	wo_dupli	OUTCOME	TOTAL	snp	367	0	15	0.9607329842931938	1.0	0.9803664921465969
maketube	freebayes	TBprofiler	wo_dupli	OUTCOME	TOTAL	snp	358	0	24	0.93717277486911	1.0	0.968586387434555
maketube	freebayes	freebayes_raw	dupli	OUTCOME	TOTAL	snp	386	295	22	0.946078431372549	0.566813509544787	0.756445970458668
maketube	samtools	samtools_raw	dupli	OUTCOME	TOTAL	snp	386	25	22	0.946078431372549	0.9391727493917275	0.9426255903821382
maketube	freebayes	genotube	dupli	OUTCOME	TOTAL	snp	374	0	34	0.9166666666666666	1.0	0.9583333333333333
maketube	samtools	MTBseq	dupli	OUTCOME	TOTAL	snp	371	3	37	0.9093137254901961	0.9919786096256684	0.9506461675579323
maketube	freebayes	TBprofiler	dupli	OUTCOME	TOTAL	snp	367	0	41	0.8995098039215687	1.0	0.9497549019607843
maketube	freebayes	freebayes_raw	wo_dupli	OUTCOME	TOTAL	snp	376	194	22	0.9447236180904522	0.6596491228070176	0.8021863704487349
maketube	samtools	samtools_raw	wo_dupli	OUTCOME	TOTAL	snp	376	12	22	0.9447236180904522	0.9690721649484536	0.9568978915194529
maketube	freebayes	genotube	wo_dupli	OUTCOME	TOTAL	snp	374	0	24	0.9396984924623115	1.0	0.9698492462311558
maketube	samtools	MTBseq	wo_dupli	OUTCOME	TOTAL	snp	371	3	27	0.9321608040201005	0.9919786096256684	0.9620697068228845
maketube	freebayes	TBprofiler	wo_dupli	OUTCOME	TOTAL	snp	367	0	31	0.9221105527638191	1.0	0.9610552763819096
maketube	freebayes	freebayes_raw	dupli	OUTCOME	TOTAL	snp	385	297	15	0.9625	0.5645161290322581	0.7635080645161291
maketube	samtools	samtools_raw	dupli	OUTCOME	TOTAL	snp	385	25	15	0.9625	0.9390243902439024	0.9507621951219511
maketube	freebayes	genotube	dupli	OUTCOME	TOTAL	snp	367	0	33	0.9175	1.0	0.95875
maketube	samtools	MTBseq	dupli	OUTCOME	TOTAL	snp	364	0	36	0.91	1.0	0.9550000000000001
maketube	freebayes	TBprofiler	dupli	OUTCOME	TOTAL	snp	356	0	44	0.89	1.0	0.9450000000000001
maketube	freebayes	freebayes_raw	wo_dupli	OUTCOME	TOTAL	snp	368	182	15	0.9608355091383812	0.6690909090909091	0.8149632091146451
maketube	samtools	samtools_raw	wo_dupli	OUTCOME	TOTAL	snp	368	12	15	0.9608355091383812	0.968421052631579	0.9646282808849801
maketube	freebayes	genotube	wo_dupli	OUTCOME	TOTAL	snp	367	0	16	0.95822454308094	1.0	0.97911227154047
maketube	samtools	MTBseq	wo_dupli	OUTCOME	TOTAL	snp	364	0	19	0.9503916449086162	1.0	0.975195822454308
maketube	freebayes	TBprofiler	wo_dupli	OUTCOME	TOTAL	snp	356	0	27	0.9295039164490861	1.0	0.9647519582245431
maketube	freebayes	freebayes_raw	dupli	OUTCOME	TOTAL	snp	402	287	13	0.9686746987951808	0.5834542815674891	0.7760644901813349
maketube	samtools	samtools_raw	dupli	OUTCOME	TOTAL	snp	402	24	13	0.9686746987951808	0.9436619718309859	0.9561683353130833
maketube	freebayes	genotube	dupli	OUTCOME	TOTAL	snp	390	0	25	0.9397590361445783	1.0	0.9698795180722892
maketube	samtools	MTBseq	dupli	OUTCOME	TOTAL	snp	390	1	25	0.9397590361445783	0.9974424552429667	0.9686007456937725
maketube	freebayes	TBprofiler	dupli	OUTCOME	TOTAL	snp	384	0	31	0.9253012048192771	1.0	0.9626506024096386
maketube	freebayes	freebayes_raw	wo_dupli	OUTCOME	TOTAL	snp	391	182	13	0.9678217821782178	0.6823734729493892	0.8250976275638036
maketube	samtools	samtools_raw	wo_dupli	OUTCOME	TOTAL	snp	391	13	13	0.9678217821782178	0.9678217821782178	0.9678217821782178
maketube	freebayes	genotube	wo_dupli	OUTCOME	TOTAL	snp	390	0	14	0.9653465346534653	1.0	0.9826732673267327
maketube	samtools	MTBseq	wo_dupli	OUTCOME	TOTAL	snp	390	1	14	0.9653465346534653	0.9974424552429667	0.9813944949482161
maketube	freebayes	TBprofiler	wo_dupli	OUTCOME	TOTAL	snp	384	0	20	0.9504950495049505	1.0	0.9752475247524752
maketube	freebayes	freebayes_raw	dupli	OUTCOME	TOTAL	snp	398	316	16	0.961352657004831	0.5574229691876751	0.759387813096253
maketube	samtools	samtools_raw	dupli	OUTCOME	TOTAL	snp	398	31	16	0.961352657004831	0.9277389277389277	0.9445457923718794
maketube	freebayes	genotube	dupli	OUTCOME	TOTAL	snp	381	0	33	0.9202898550724637	1.0	0.9601449275362319
maketube	samtools	MTBseq	dupli	OUTCOME	TOTAL	snp	378	2	36	0.9130434782608695	0.9947368421052631	0.9538901601830663
maketube	freebayes	TBprofiler	dupli	OUTCOME	TOTAL	snp	375	0	39	0.9057971014492754	1.0	0.9528985507246377
maketube	freebayes	freebayes_raw	wo_dupli	OUTCOME	TOTAL	snp	381	210	16	0.9596977329974811	0.6446700507614214	0.8021838918794513
maketube	samtools	samtools_raw	wo_dupli	OUTCOME	TOTAL	snp	381	17	16	0.9596977329974811	0.957286432160804	0.9584920825791425
maketube	freebayes	genotube	wo_dupli	OUTCOME	TOTAL	snp	381	0	16	0.9596977329974811	1.0	0.9798488664987406
maketube	samtools	MTBseq	wo_dupli	OUTCOME	TOTAL	snp	378	2	19	0.9521410579345088	0.9947368421052631	0.9734389500198859
maketube	freebayes	TBprofiler	wo_dupli	OUTCOME	TOTAL	snp	375	0	22	0.9445843828715366	1.0	0.9722921914357683
maketube	freebayes	freebayes_raw	dupli	OUTCOME	TOTAL	snp	359	308	19	0.9497354497354498	0.5382308845577212	0.7439831671465855
maketube	samtools	samtools_raw	dupli	OUTCOME	TOTAL	snp	359	28	19	0.9497354497354498	0.9276485788113695	0.9386920142734096
maketube	freebayes	genotube	dupli	OUTCOME	TOTAL	snp	349	0	29	0.9232804232804233	1.0	0.9616402116402116
maketube	samtools	MTBseq	dupli	OUTCOME	TOTAL	snp	346	0	32	0.9153439153439153	1.0	0.9576719576719577
maketube	freebayes	TBprofiler	dupli	OUTCOME	TOTAL	snp	339	0	39	0.8968253968253969	1.0	0.9484126984126984
maketube	freebayes	freebayes_raw	wo_dupli	OUTCOME	TOTAL	snp	351	197	19	0.9486486486486486	0.6405109489051095	0.794579798776879
maketube	samtools	samtools_raw	wo_dupli	OUTCOME	TOTAL	snp	351	13	19	0.9486486486486486	0.9642857142857143	0.9564671814671815
maketube	freebayes	genotube	wo_dupli	OUTCOME	TOTAL	snp	349	0	21	0.9432432432432433	1.0	0.9716216216216216
maketube	samtools	MTBseq	wo_dupli	OUTCOME	TOTAL	snp	346	0	24	0.9351351351351351	1.0	0.9675675675675676
maketube	freebayes	TBprofiler	wo_dupli	OUTCOME	TOTAL	snp	339	0	31	0.9162162162162162	1.0	0.9581081081081081
maketube	freebayes	freebayes_raw	dupli	OUTCOME	TOTAL	snp	374	280	17	0.9565217391304348	0.5718654434250765	0.7641935912777557
maketube	samtools	samtools_raw	dupli	OUTCOME	TOTAL	snp	374	27	17	0.9565217391304348	0.9326683291770573	0.9445950341537461
maketube	freebayes	genotube	dupli	OUTCOME	TOTAL	snp	364	0	27	0.9309462915601023	1.0	0.9654731457800512
maketube	samtools	MTBseq	dupli	OUTCOME	TOTAL	snp	361	0	30	0.9232736572890026	1.0	0.9616368286445013
maketube	freebayes	TBprofiler	dupli	OUTCOME	TOTAL	snp	353	0	38	0.9028132992327366	1.0	0.9514066496163682
maketube	freebayes	freebayes_raw	wo_dupli	OUTCOME	TOTAL	snp	366	192	17	0.9556135770234987	0.6559139784946236	0.8057637777590612
maketube	samtools	samtools_raw	wo_dupli	OUTCOME	TOTAL	snp	366	14	17	0.9556135770234987	0.9631578947368421	0.9593857358801704
maketube	freebayes	genotube	wo_dupli	OUTCOME	TOTAL	snp	364	0	19	0.9503916449086162	1.0	0.975195822454308
maketube	samtools	MTBseq	wo_dupli	OUTCOME	TOTAL	snp	361	0	22	0.9425587467362925	1.0	0.9712793733681462
maketube	freebayes	TBprofiler	wo_dupli	OUTCOME	TOTAL	snp	353	0	30	0.9216710182767625	1.0	0.9608355091383812
maketube	freebayes	freebayes_raw	dupli	OUTCOME	TOTAL	snp	391	300	14	0.9654320987654321	0.5658465991316932	0.7656393489485627
maketube	samtools	samtools_raw	dupli	OUTCOME	TOTAL	snp	391	27	14	0.9654320987654321	0.9354066985645934	0.9504193986650127
maketube	freebayes	genotube	dupli	OUTCOME	TOTAL	snp	377	0	28	0.9308641975308642	1.0	0.9654320987654321
maketube	samtools	MTBseq	dupli	OUTCOME	TOTAL	snp	374	0	31	0.9234567901234568	1.0	0.9617283950617284
maketube	freebayes	TBprofiler	dupli	OUTCOME	TOTAL	snp	369	0	36	0.9111111111111111	1.0	0.9555555555555555
maketube	freebayes	freebayes_raw	wo_dupli	OUTCOME	TOTAL	snp	376	200	14	0.9641025641025641	0.6527777777777778	0.808440170940171
maketube	samtools	samtools_raw	wo_dupli	OUTCOME	TOTAL	snp	376	13	14	0.9641025641025641	0.9665809768637532	0.9653417704831586
maketube	freebayes	genotube	wo_dupli	OUTCOME	TOTAL	snp	375	0	15	0.9615384615384616	1.0	0.9807692307692308
maketube	samtools	MTBseq	wo_dupli	OUTCOME	TOTAL	snp	372	0	18	0.9538461538461539	1.0	0.976923076923077
maketube	freebayes	TBprofiler	wo_dupli	OUTCOME	TOTAL	snp	367	0	23	0.941025641025641	1.0	0.9705128205128205
maketube	freebayes	freebayes_raw	dupli	OUTCOME	TOTAL	snp	405	270	16	0.9619952494061758	0.6	0.7809976247030879
maketube	samtools	samtools_raw	dupli	OUTCOME	TOTAL	snp	406	25	15	0.9643705463182898	0.9419953596287703	0.9531829529735301
maketube	freebayes	genotube	dupli	OUTCOME	TOTAL	snp	390	0	31	0.9263657957244655	1.0	0.9631828978622328
maketube	samtools	MTBseq	dupli	OUTCOME	TOTAL	snp	391	1	30	0.9287410926365796	0.9974489795918368	0.9630950361142081
maketube	freebayes	TBprofiler	dupli	OUTCOME	TOTAL	snp	384	0	37	0.9121140142517815	1.0	0.9560570071258907
maketube	freebayes	freebayes_raw	wo_dupli	OUTCOME	TOTAL	snp	390	172	16	0.9605911330049262	0.693950177935943	0.8272706554704345
maketube	samtools	samtools_raw	wo_dupli	OUTCOME	TOTAL	snp	391	12	15	0.9630541871921182	0.9702233250620348	0.9666387561270765
maketube	freebayes	genotube	wo_dupli	OUTCOME	TOTAL	snp	388	0	18	0.9556650246305419	1.0	0.9778325123152709
maketube	samtools	MTBseq	wo_dupli	OUTCOME	TOTAL	snp	389	1	17	0.958128078817734	0.9974358974358974	0.9777819881268157
maketube	freebayes	TBprofiler	wo_dupli	OUTCOME	TOTAL	snp	382	0	24	0.9408866995073891	1.0	0.9704433497536946
maketube	freebayes	freebayes_raw	dupli	OUTCOME	TOTAL	snp	423	293	21	0.9527027027027027	0.590782122905028	0.7717424128038654
maketube	samtools	samtools_raw	dupli	OUTCOME	TOTAL	snp	423	32	21	0.9527027027027027	0.9296703296703297	0.9411865161865163
maketube	freebayes	genotube	dupli	OUTCOME	TOTAL	snp	403	0	41	0.9076576576576577	1.0	0.9538288288288288
maketube	samtools	MTBseq	dupli	OUTCOME	TOTAL	snp	399	0	45	0.8986486486486487	1.0	0.9493243243243243
maketube	freebayes	TBprofiler	dupli	OUTCOME	TOTAL	snp	394	0	50	0.8873873873873874	1.0	0.9436936936936937
maketube	freebayes	freebayes_raw	wo_dupli	OUTCOME	TOTAL	snp	403	182	21	0.9504716981132075	0.6888888888888889	0.8196802935010482
maketube	samtools	samtools_raw	wo_dupli	OUTCOME	TOTAL	snp	403	15	21	0.9504716981132075	0.9641148325358851	0.9572932653245463
maketube	freebayes	genotube	wo_dupli	OUTCOME	TOTAL	snp	403	0	21	0.9504716981132075	1.0	0.9752358490566038
maketube	samtools	MTBseq	wo_dupli	OUTCOME	TOTAL	snp	399	0	25	0.9410377358490566	1.0	0.9705188679245282
maketube	freebayes	TBprofiler	wo_dupli	OUTCOME	TOTAL	snp	394	0	30	0.9292452830188679	1.0	0.9646226415094339
maketube	freebayes	freebayes_raw	dupli	OUTCOME	TOTAL	snp	654	308	37	0.9464544138929089	0.6798336798336798	0.8131440468632943
maketube	samtools	samtools_raw	dupli	OUTCOME	TOTAL	snp	654	44	37	0.9464544138929089	0.9369627507163324	0.9417085823046206
maketube	freebayes	genotube	dupli	OUTCOME	TOTAL	snp	626	0	65	0.9059334298118669	1.0	0.9529667149059334
maketube	samtools	MTBseq	dupli	OUTCOME	TOTAL	snp	621	2	70	0.8986975397973951	0.9967897271268058	0.9477436334621004
maketube	freebayes	TBprofiler	dupli	OUTCOME	TOTAL	snp	613	0	78	0.8871201157742402	1.0	0.9435600578871202
maketube	freebayes	freebayes_raw	wo_dupli	OUTCOME	TOTAL	snp	630	207	37	0.9445277361319341	0.7526881720430108	0.8486079540874725
maketube	samtools	samtools_raw	wo_dupli	OUTCOME	TOTAL	snp	630	21	37	0.9445277361319341	0.967741935483871	0.9561348358079025
maketube	freebayes	genotube	wo_dupli	OUTCOME	TOTAL	snp	626	0	41	0.9385307346326837	1.0	0.9692653673163418
maketube	samtools	MTBseq	wo_dupli	OUTCOME	TOTAL	snp	621	1	46	0.9310344827586207	0.9983922829581994	0.96471338285841
maketube	freebayes	TBprofiler	wo_dupli	OUTCOME	TOTAL	snp	613	0	54	0.9190404797601199	1.0	0.95952023988006
maketube	freebayes	freebayes_raw	dupli	OUTCOME	TOTAL	snp	665	304	31	0.9554597701149425	0.6862745098039216	0.8208671399594321
maketube	samtools	samtools_raw	dupli	OUTCOME	TOTAL	snp	665	44	31	0.9554597701149425	0.9379407616361072	0.9467002658755248
maketube	freebayes	genotube	dupli	OUTCOME	TOTAL	snp	637	0	59	0.9152298850574713	1.0	0.9576149425287357
maketube	samtools	MTBseq	dupli	OUTCOME	TOTAL	snp	634	2	62	0.9109195402298851	0.9968553459119497	0.9538874430709174
maketube	freebayes	TBprofiler	dupli	OUTCOME	TOTAL	snp	621	1	75	0.8922413793103449	0.9983922829581994	0.9453168311342721
maketube	freebayes	freebayes_raw	wo_dupli	OUTCOME	TOTAL	snp	642	191	31	0.9539375928677564	0.7707082833133253	0.8623229380905408
maketube	samtools	samtools_raw	wo_dupli	OUTCOME	TOTAL	snp	642	22	31	0.9539375928677564	0.9668674698795181	0.9604025313736373
maketube	freebayes	genotube	wo_dupli	OUTCOME	TOTAL	snp	633	0	40	0.9405646359583952	1.0	0.9702823179791976
maketube	samtools	MTBseq	wo_dupli	OUTCOME	TOTAL	snp	630	1	43	0.9361069836552749	0.9984152139461173	0.9672610988006961
maketube	freebayes	TBprofiler	wo_dupli	OUTCOME	TOTAL	snp	617	1	56	0.9167904903417533	0.9983818770226537	0.9575861836822035
maketube	freebayes	freebayes_raw	dupli	OUTCOME	TOTAL	snp	650	296	37	0.9461426491994177	0.6871035940803383	0.816623121639878
maketube	samtools	samtools_raw	dupli	OUTCOME	TOTAL	snp	650	44	37	0.9461426491994177	0.9365994236311239	0.9413710364152708
maketube	freebayes	genotube	dupli	OUTCOME	TOTAL	snp	624	0	63	0.9082969432314411	1.0	0.9541484716157205
maketube	samtools	MTBseq	dupli	OUTCOME	TOTAL	snp	614	4	73	0.893740902474527	0.9935275080906149	0.9436342052825709
maketube	freebayes	TBprofiler	dupli	OUTCOME	TOTAL	snp	599	0	88	0.8719068413391557	1.0	0.9359534206695779
maketube	freebayes	freebayes_raw	wo_dupli	OUTCOME	TOTAL	snp	626	193	37	0.9441930618401206	0.7643467643467643	0.8542699130934425
maketube	samtools	samtools_raw	wo_dupli	OUTCOME	TOTAL	snp	626	21	37	0.9441930618401206	0.9675425038639877	0.9558677828520541
maketube	freebayes	genotube	wo_dupli	OUTCOME	TOTAL	snp	623	0	40	0.9396681749622926	1.0	0.9698340874811463
maketube	samtools	MTBseq	wo_dupli	OUTCOME	TOTAL	snp	613	3	50	0.9245852187028658	0.9951298701298701	0.959857544416368
maketube	freebayes	TBprofiler	wo_dupli	OUTCOME	TOTAL	snp	598	0	65	0.9019607843137255	1.0	0.9509803921568627
maketube	freebayes	freebayes_raw	dupli	OUTCOME	TOTAL	snp	662	307	39	0.9443651925820257	0.6831785345717234	0.8137718635768745
maketube	samtools	samtools_raw	dupli	OUTCOME	TOTAL	snp	662	43	39	0.9443651925820257	0.9390070921985816	0.9416861423903036
maketube	freebayes	genotube	dupli	OUTCOME	TOTAL	snp	634	0	67	0.9044222539229672	1.0	0.9522111269614836
maketube	samtools	MTBseq	dupli	OUTCOME	TOTAL	snp	627	3	74	0.8944365192582026	0.9952380952380953	0.9448373072481488
maketube	freebayes	TBprofiler	dupli	OUTCOME	TOTAL	snp	614	0	87	0.8758915834522111	1.0	0.9379457917261056
maketube	freebayes	freebayes_raw	wo_dupli	OUTCOME	TOTAL	snp	637	197	39	0.9423076923076923	0.7637889688249401	0.8530483305663161
maketube	samtools	samtools_raw	wo_dupli	OUTCOME	TOTAL	snp	637	19	39	0.9423076923076923	0.9710365853658537	0.9566721388367729
maketube	freebayes	genotube	wo_dupli	OUTCOME	TOTAL	snp	634	0	42	0.9378698224852071	1.0	0.9689349112426036
maketube	samtools	MTBseq	wo_dupli	OUTCOME	TOTAL	snp	627	2	49	0.9275147928994083	0.9968203497615262	0.9621675713304673
maketube	freebayes	TBprofiler	wo_dupli	OUTCOME	TOTAL	snp	614	0	62	0.908284023668639	1.0	0.9541420118343196
maketube	freebayes	freebayes_raw	dupli	OUTCOME	TOTAL	snp	687	303	36	0.950207468879668	0.693939393939394	0.822073431409531
maketube	samtools	samtools_raw	dupli	OUTCOME	TOTAL	snp	687	43	36	0.950207468879668	0.9410958904109589	0.9456516796453134
maketube	freebayes	genotube	dupli	OUTCOME	TOTAL	snp	662	0	61	0.9156293222683264	1.0	0.9578146611341631
maketube	samtools	MTBseq	dupli	OUTCOME	TOTAL	snp	658	3	65	0.9100968188105117	0.9954614220877458	0.9527791204491287
maketube	freebayes	TBprofiler	dupli	OUTCOME	TOTAL	snp	646	0	77	0.8934993084370678	1.0	0.9467496542185339
maketube	freebayes	freebayes_raw	wo_dupli	OUTCOME	TOTAL	snp	666	195	36	0.9487179487179487	0.7735191637630662	0.8611185562405075
maketube	samtools	samtools_raw	wo_dupli	OUTCOME	TOTAL	snp	666	22	36	0.9487179487179487	0.9680232558139535	0.958370602265951
maketube	freebayes	genotube	wo_dupli	OUTCOME	TOTAL	snp	662	0	40	0.9430199430199431	1.0	0.9715099715099715
maketube	samtools	MTBseq	wo_dupli	OUTCOME	TOTAL	snp	658	2	44	0.9373219373219374	0.996969696969697	0.9671458171458172
maketube	freebayes	TBprofiler	wo_dupli	OUTCOME	TOTAL	snp	646	0	56	0.9202279202279202	1.0	0.9601139601139601
maketube	freebayes	freebayes_raw	dupli	OUTCOME	TOTAL	snp	676	318	34	0.952112676056338	0.6800804828973843	0.8160965794768611
maketube	samtools	samtools_raw	dupli	OUTCOME	TOTAL	snp	676	42	34	0.952112676056338	0.9415041782729805	0.9468084271646593
maketube	freebayes	genotube	dupli	OUTCOME	TOTAL	snp	657	0	53	0.9253521126760563	1.0	0.9626760563380281
maketube	samtools	MTBseq	dupli	OUTCOME	TOTAL	snp	652	5	58	0.9183098591549296	0.9923896499238964	0.955349754539413
maketube	freebayes	TBprofiler	dupli	OUTCOME	TOTAL	snp	638	0	72	0.8985915492957747	1.0	0.9492957746478874
maketube	freebayes	freebayes_raw	wo_dupli	OUTCOME	TOTAL	snp	657	211	34	0.9507959479015919	0.7569124423963134	0.8538541951489527
maketube	samtools	samtools_raw	wo_dupli	OUTCOME	TOTAL	snp	657	19	34	0.9507959479015919	0.9718934911242604	0.9613447195129261
maketube	freebayes	genotube	wo_dupli	OUTCOME	TOTAL	snp	654	0	37	0.9464544138929089	1.0	0.9732272069464545
maketube	samtools	MTBseq	wo_dupli	OUTCOME	TOTAL	snp	649	4	42	0.9392185238784371	0.9938744257274119	0.9665464748029244
maketube	freebayes	TBprofiler	wo_dupli	OUTCOME	TOTAL	snp	635	0	56	0.918958031837916	1.0	0.959479015918958
maketube	freebayes	freebayes_raw	dupli	OUTCOME	TOTAL	snp	674	309	39	0.9453015427769986	0.6856561546286877	0.8154788487028432
maketube	samtools	samtools_raw	dupli	OUTCOME	TOTAL	snp	674	48	39	0.9453015427769986	0.9335180055401662	0.9394097741585824
maketube	freebayes	genotube	dupli	OUTCOME	TOTAL	snp	656	0	57	0.9200561009817672	1.0	0.9600280504908836
maketube	samtools	MTBseq	dupli	OUTCOME	TOTAL	snp	651	3	62	0.9130434782608695	0.9954128440366973	0.9542281611487834
maketube	freebayes	TBprofiler	dupli	OUTCOME	TOTAL	snp	639	0	74	0.8962131837307152	1.0	0.9481065918653576
maketube	freebayes	freebayes_raw	wo_dupli	OUTCOME	TOTAL	snp	656	217	39	0.943884892086331	0.7514318442153494	0.8476583681508402
maketube	samtools	samtools_raw	wo_dupli	OUTCOME	TOTAL	snp	656	22	39	0.943884892086331	0.967551622418879	0.9557182572526051
maketube	freebayes	genotube	wo_dupli	OUTCOME	TOTAL	snp	654	0	41	0.9410071942446043	1.0	0.9705035971223022
maketube	samtools	MTBseq	wo_dupli	OUTCOME	TOTAL	snp	649	3	46	0.9338129496402877	0.995398773006135	0.9646058613232114
maketube	freebayes	TBprofiler	wo_dupli	OUTCOME	TOTAL	snp	637	0	58	0.9165467625899281	1.0	0.958273381294964
maketube	freebayes	freebayes_raw	dupli	OUTCOME	TOTAL	snp	673	313	36	0.9492242595204513	0.6825557809330629	0.8158900202267572
maketube	samtools	samtools_raw	dupli	OUTCOME	TOTAL	snp	673	46	36	0.9492242595204513	0.9360222531293463	0.9426232563248989
maketube	freebayes	genotube	dupli	OUTCOME	TOTAL	snp	655	0	54	0.923836389280677	1.0	0.9619181946403386
maketube	samtools	MTBseq	dupli	OUTCOME	TOTAL	snp	648	4	61	0.9139633286318759	0.9938650306748467	0.9539141796533612
maketube	freebayes	TBprofiler	dupli	OUTCOME	TOTAL	snp	642	0	67	0.9055007052186178	1.0	0.9527503526093088
maketube	freebayes	freebayes_raw	wo_dupli	OUTCOME	TOTAL	snp	655	216	36	0.9479015918958031	0.7520091848450058	0.8499553883704045
maketube	samtools	samtools_raw	wo_dupli	OUTCOME	TOTAL	snp	655	23	36	0.9479015918958031	0.9660766961651918	0.9569891440304974
maketube	freebayes	genotube	wo_dupli	OUTCOME	TOTAL	snp	653	0	38	0.9450072358900145	1.0	0.9725036179450073
maketube	samtools	MTBseq	wo_dupli	OUTCOME	TOTAL	snp	646	3	45	0.934876989869754	0.9953775038520801	0.9651272468609171
maketube	freebayes	TBprofiler	wo_dupli	OUTCOME	TOTAL	snp	640	0	51	0.9261939218523878	1.0	0.9630969609261939
maketube	freebayes	freebayes_raw	dupli	OUTCOME	TOTAL	snp	673	325	37	0.9478873239436619	0.6743486973947895	0.8111180106692257
maketube	samtools	samtools_raw	dupli	OUTCOME	TOTAL	snp	673	45	37	0.9478873239436619	0.9373259052924791	0.9426066146180705
maketube	freebayes	genotube	dupli	OUTCOME	TOTAL	snp	655	0	55	0.9225352112676056	1.0	0.9612676056338028
maketube	samtools	MTBseq	dupli	OUTCOME	TOTAL	snp	649	4	61	0.9140845070422535	0.9938744257274119	0.9539794663848327
maketube	freebayes	TBprofiler	dupli	OUTCOME	TOTAL	snp	639	0	71	0.9	1.0	0.95
maketube	freebayes	freebayes_raw	wo_dupli	OUTCOME	TOTAL	snp	655	213	37	0.9465317919075145	0.7546082949308756	0.850570043419195
maketube	samtools	samtools_raw	wo_dupli	OUTCOME	TOTAL	snp	655	22	37	0.9465317919075145	0.9675036927621861	0.9570177423348503
maketube	freebayes	genotube	wo_dupli	OUTCOME	TOTAL	snp	653	0	39	0.9436416184971098	1.0	0.971820809248555
maketube	samtools	MTBseq	wo_dupli	OUTCOME	TOTAL	snp	647	3	45	0.934971098265896	0.9953846153846154	0.9651778568252557
maketube	freebayes	TBprofiler	wo_dupli	OUTCOME	TOTAL	snp	637	0	55	0.9205202312138728	1.0	0.9602601156069364
maketube	freebayes	freebayes_raw	dupli	OUTCOME	TOTAL	snp	652	285	31	0.9546120058565154	0.695837780149413	0.8252248930029642
maketube	samtools	samtools_raw	dupli	OUTCOME	TOTAL	snp	651	41	32	0.9531478770131772	0.9407514450867052	0.9469496610499412
maketube	freebayes	genotube	dupli	OUTCOME	TOTAL	snp	631	0	52	0.9238653001464129	1.0	0.9619326500732064
maketube	samtools	MTBseq	dupli	OUTCOME	TOTAL	snp	627	4	56	0.91800878477306	0.993660855784469	0.9558348202787645
maketube	freebayes	TBprofiler	dupli	OUTCOME	TOTAL	snp	620	1	63	0.9077598828696926	0.998389694041868	0.9530747884557802
maketube	freebayes	freebayes_raw	wo_dupli	OUTCOME	TOTAL	snp	633	198	31	0.9533132530120482	0.7617328519855595	0.8575230524988038
maketube	samtools	samtools_raw	wo_dupli	OUTCOME	TOTAL	snp	632	19	32	0.9518072289156626	0.9708141321044547	0.9613106805100586
maketube	freebayes	genotube	wo_dupli	OUTCOME	TOTAL	snp	626	0	38	0.9427710843373494	1.0	0.9713855421686747
maketube	samtools	MTBseq	wo_dupli	OUTCOME	TOTAL	snp	622	3	42	0.9367469879518072	0.9952	0.9659734939759036
maketube	freebayes	TBprofiler	wo_dupli	OUTCOME	TOTAL	snp	615	1	49	0.9262048192771084	0.9983766233766234	0.9622907213268659
